Workbook

Sheet DINAMICS1
A1: DESLIGAMENTO | B1: (vazio) | F1: 15
H2: Escopo por módulo
A3: Contagem de COLABORADOR | B3: Rótulos de Coluna | H3: Assistentes: 7
A4: Rótulos de Linha | B4: Assistente Operador Carregamento Grua | C4: Oper Maqs Florestais I Grua | D4: Total Geral | F4: Falta para completar HC | H4: Operadores: 8
A5: MOD.01 | B5: 8 | C5: 9 | D5: 17 | H5: Total: 15
A6: MOD.02 | B6: 7 | C6: 7 | D6: 14
A7: MOD.03 | B7: 7 | C7: 9 | D7: 16 | H7: Escopo por módulo
A8: MOD.04 | B8: 6 | C8: 8 | D8: 14 | H8: Oper Estradas: 4
A9: MOD.05 | B9: 6 | C9: 9 | D9: 15 | H9: Motorista: 3
A10: MOD.06 | B10: 6 | C10: 9 | D10: 15 | H10: Total: 7
A11: MOD.07 | B11: 6 | C11: 10 | D11: 16
A12: MOD.08 | B12: 7 | C12: 8 | D12: 15
A13: Total Geral | B13: 53 | C13: 69 | D13: 122
A15: DESLIGAMENTO | B15: (vazio)
A17: Contagem de COLABORADOR | B17: Rótulos de Coluna
A18: Rótulos de Linha | B18: MOTORISTA I | C18: MOTORISTA II | D18: OPERADOR DE ESTRADAS II | E18: OPERADOR DE ESTRADAS III | F18: OPERADOR DE ESTRADAS I | G18: Total Geral
A19: MOD.01 | C19: 3 | E19: 4 | G19: 7
A20: MOD.02 | C20: 3 | E20: 4 | G20: 7
A21: MOD.03 | C21: 3 | E21: 4 | G21: 7
A22: MOD.04 | B22: 1 | C22: 2 | E22: 3 | F22: 1 | G22: 7
A23: MOD.05 | C23: 3 | D23: 1 | E23: 3 | G23: 7
A24: MOD.06 | C24: 3 | D24: 1 | E24: 3 | G24: 7
A25: MOD.07 | B25: 1 | C25: 2 | D25: 2 | E25: 2 | G25: 7
A26: MOD.08 | C26: 1 | D26: 2 | E26: 2 | G26: 5
A27: MOD.ITINERANTE | C27: 6 | D27: 1 | E27: 5 | G27: 12
A28: Total Geral | B28: 2 | C28: 26 | D28: 7 | E28: 30 | F28: 1 | G28: 66
A35: DATA SAÍDA | B35: (vazio)
A37: Contagem de COLABORADOR | B37: Rótulos de Coluna
A38: Rótulos de Linha | B38: TECN OPERACOES FLORESTAIS II | C38: TECN OPERACOES FLORESTAIS III | D38: Total Geral
A39: MOD.01 | B39: 1 | D39: 1
A40: MOD.01/04 | B40: 1 | D40: 1
A41: MOD.02 | B41: 1 | D41: 1
A42: MOD.02/03 | B42: 1 | D42: 1
A43: MOD.03 | B43: 1 | D43: 1
A44: MOD.04 | B44: 1 | D44: 1
A45: MOD.05 | B45: 1 | D45: 1
A46: MOD.06 | B46: 1 | D46: 1
A47: MOD.06/MOD.07 | B47: 1 | D47: 1
A48: MOD.07 | B48: 1 | D48: 1
A49: MOD.08 | B49: 1 | D49: 1
A50: MOD.09 | B50: 2 | D50: 2
A51: MOD.10 | C51: 1 | D51: 1
A52: MOD.11 | B52: 3 | D52: 3
A53: MOD.NOTURNO | B53: 9 | D53: 9
A54: Total Geral | B54: 25 | C54: 1 | D54: 26

Sheet ASSISTENTES E OPERADORES
A1: MATRÍCULA | B1: COLABORADOR | C1: MÓDULO | D1: CARGO | E1: CC | F1: GESTOR IMEDIATO | G1: MÓDULO2 | H1: ID COLABORADOR | I1: DATA ADMISSÃO | J1: SITUACAO | K1: DESLIGAMENTO | L1: Cidade Origem | M1: Prêmio de produção | O1: GESTOR | P1: MODULO | Q1: CENTRO DE CUSTO | R1: SUPERVISOR
A2: 37005668 | B2: AIRTON LOPES DA SILVA | C2: =RIGHT(Tabela3[[#This Row],[MÓDULO2]],1) -> 1 | D2: Oper Maqs Florestais I Grua | E2: 373114 | F2: MARCIO APARECIDO CAVALHEIRO | G2: MOD.01 | H2: 20013964 | I2: 44329 | J2: =Tabela3[[#This Row],[CARGO]] -> Oper Maqs Florestais I Grua | L2: Lençóis Paulista | M2: Prêmio Maio - ok | O2: MARIO FRAIZ COELHO MAIA DE ANDRADE | Q2: 371145 - CARREG TERC CEL
A3: 37005493 | B3: ANDERSON ANTONIO HENRIQUE DE OLIVEIRA | C3: =RIGHT(Tabela3[[#This Row],[MÓDULO2]],1) -> 1 | D3: Assistente Operador Carregamento Grua | E3: 373114 | F3: MARCIO APARECIDO CAVALHEIRO | G3: MOD.01 | H3: 20013542 | I3: 44270 | J3: =Tabela3[[#This Row],[CARGO]] -> Assistente Operador Carregamento Grua | L3: Lençóis Paulista | M3: Prêmio Maio - ok | O3: MARIO FRAIZ COELHO MAIA DE ANDRADE | Q3: 371150 - CARREG TERC ENE
A4: 37000092 | B4: APARECIDO RODRIGUES DE SOUZA | C4: =RIGHT(Tabela3[[#This Row],[MÓDULO2]],1) -> 1 | D4: Assistente Operador Carregamento Grua | E4: 373114 | F4: MARCIO APARECIDO CAVALHEIRO | G4: MOD.01 | H4: 20008678 | I4: 33795 | J4: =Tabela3[[#This Row],[CARGO]] -> Assistente Operador Carregamento Grua | L4: Lençóis Paulista | M4: Prêmio Maio - ok | O4: MARIO FRAIZ COELHO MAIA DE ANDRADE | P4: MOD.01 | Q4: 371171 - CARREG PROP MOD 1 | R4: MARCIO APARECIDO CAVALHEIRO
A5: 37012429 | B5: CELIO ALVES DOS SANTOS | C5: =RIGHT(Tabela3[[#This Row],[MÓDULO2]],1) -> 1 | D5: Oper Maqs Florestais I Grua | E5: 373114 | F5: MARCIO APARECIDO CAVALHEIRO | G5: MOD.01 | H5: 20049729 | I5: 45055 | J5: =Tabela3[[#This Row],[CARGO]] -> Oper Maqs Florestais I Grua | L5: Lençóis Paulista (guede) | M5: Prêmio Maio - ok | O5: MARIO FRAIZ COELHO MAIA DE ANDRADE | P5: MOD.02 | Q5: 371172 - CARREG PROP MOD 2 | R5: JHON FELIPE SENOSKI
A6: 37018299 | B6: CLAUDIVAN APARECIDO SOARES DE GOES | C6: =RIGHT(Tabela3[[#This Row],[MÓDULO2]],1) -> 1 | D6: Oper Maqs Florestais I Grua | E6: 373114 | F6: MARCIO APARECIDO CAVALHEIRO | G6: MOD.01 | H6: 20072858 | I6: 45475 | J6: =Tabela3[[#This Row],[CARGO]] -> Oper Maqs Florestais I Grua | L6: Lençóis Paulista | M6: Prêmio Maio - ok | O6: MARIO FRAIZ COELHO MAIA DE ANDRADE | P6: MOD.03 | Q6: 371173 - CARREG PROP MOD 3 | R6: JHON FELIPE SENOSKI
A7: 37006523 | B7: CRISTIAN APARECIDO DE MELO | C7: =RIGHT(Tabela3[[#This Row],[MÓDULO2]],1) -> 1 | D7: Assistente Operador Carregamento Grua | E7: 373114 | F7: MARCIO APARECIDO CAVALHEIRO | G7: MOD.01 | H7: 20018115 | I7: 44473 | J7: =Tabela3[[#This Row],[CARGO]] -> Assistente Operador Carregamento Grua | L7: Lençóis Paulista | M7: Prêmio Maio - ok | O7: MARIO FRAIZ COELHO MAIA DE ANDRADE | P7: MOD.04 | Q7: 371174 - CARREG PROP MOD 4 | R7: MARCIO APARECIDO CAVALHEIRO
A8: 37000868 | B8: CUSTODIO XAVIER | C8: =RIGHT(Tabela3[[#This Row],[MÓDULO2]],1) -> 1 | D8: Assistente Operador Carregamento Grua | E8: 373114 | F8: MARCIO APARECIDO CAVALHEIRO | G8: MOD.01 | H8: 20008845 | I8: 40700 | J8: =Tabela3[[#This Row],[CARGO]] -> Assistente Operador Carregamento Grua | L8: Lençóis Paulista | M8: Prêmio Maio - ok | O8: MARIO FRAIZ COELHO MAIA DE ANDRADE | P8: MOD.05 | Q8: 371175 - CARREG PROP MOD 5 | R8: THIAGO MARIA PROENCA ALMEIDA
A9: 37012287 | B9: ELIELSON ANGELO DE OLIVEIRA | C9: =RIGHT(Tabela3[[#This Row],[MÓDULO2]],1) -> 1 | D9: Oper Maqs Florestais I Grua | E9: 373114 | F9: MARCIO APARECIDO CAVALHEIRO | G9: MOD.01 | H9: 20049233 | I9: 45048 | J9: =Tabela3[[#This Row],[CARGO]] -> Oper Maqs Florestais I Grua | L9: Lençóis Paulista (guede) | M9: Prêmio Maio - ok | O9: MARIO FRAIZ COELHO MAIA DE ANDRADE | P9: MOD.06 | Q9: 371176 - CARREG PROP MOD 6 | R9: CASSIO THOMAS DA SILVEIRA
A10: 37001860 | B10: JOSE DOS SANTOS SILVA | C10: =RIGHT(Tabela3[[#This Row],[MÓDULO2]],1) -> 1 | D10: Assistente Operador Carregamento Grua | E10: 373114 | F10: MARCIO APARECIDO CAVALHEIRO | G10: MOD.01 | H10: 20009387 | I10: 42758 | J10: =Tabela3[[#This Row],[CARGO]] -> Assistente Operador Carregamento Grua | L10: Lençóis Paulista | M10: Prêmio Maio - ok | O10: MARIO FRAIZ COELHO MAIA DE ANDRADE | P10: MOD.07 | Q10: 371177 - CARREG PROP MOD 7 | R10: CASSIO THOMAS DA SILVEIRA
A11: 37005646 | B11: JURANDIR APARECIDO CRISOSTOMO | C11: =RIGHT(Tabela3[[#This Row],[MÓDULO2]],1) -> 1 | D11: Oper Maqs Florestais I Grua | E11: 373114 | F11: MARCIO APARECIDO CAVALHEIRO | G11: MOD.01 | H11: 20013945 | I11: 44329 | J11: =Tabela3[[#This Row],[CARGO]] -> Oper Maqs Florestais I Grua | L11: Lençóis Paulista | M11: Prêmio Maio - ok | O11: MARIO FRAIZ COELHO MAIA DE ANDRADE | P11: MOD.08 | Q11: 371178 - CARREG PROP MOD 8 | R11: THIAGO MARIA PROENCA ALMEIDA
A12: 37002172 | B12: MAGAIVER MOREIRA | C12: =RIGHT(Tabela3[[#This Row],[MÓDULO2]],1) -> 1 | D12: Assistente Operador Carregamento Grua | E12: 373114 | F12: MARCIO APARECIDO CAVALHEIRO | G12: MOD.01 | H12: 20009576 | I12: 43122 | J12: =Tabela3[[#This Row],[CARGO]] -> Assistente Operador Carregamento Grua | L12: Lençóis Paulista | M12: Prêmio Maio - ok | O12: MARIO FRAIZ COELHO MAIA DE ANDRADE | Q12: 373105 - COORD CARREGAMENTO
A13: 37020614 | B13: MARCELO SUPARTO DA SILVA | C13: =RIGHT(Tabela3[[#This Row],[MÓDULO2]],1) -> 1 | D13: Oper Maqs Florestais I Grua | E13: 373114 | F13: MARCIO APARECIDO CAVALHEIRO | G13: MOD.01 | H13: 20084368 | I13: 45678 | J13: =Tabela3[[#This Row],[CARGO]] -> Oper Maqs Florestais I Grua | M13: Prêmio Maio - ok
A14: 37005674 | B14: MARCIO ANDRE DOS SANTOS | C14: =RIGHT(Tabela3[[#This Row],[MÓDULO2]],1) -> 1 | D14: Oper Maqs Florestais I Grua | E14: 373114 | F14: MARCIO APARECIDO CAVALHEIRO | G14: MOD.01 | H14: 20013969 | I14: 44329 | J14: =Tabela3[[#This Row],[CARGO]] -> Oper Maqs Florestais I Grua | L14: Lençóis Paulista | M14: Prêmio Maio - ok
B15: FABRICIO RODRIGUES PONTES | C15: =RIGHT(Tabela3[[#This Row],[MÓDULO2]],1) -> 1 | D15: Oper Maqs Florestais I Grua | E15: 373114 | F15: MARCIO APARECIDO CAVALHEIRO | G15: MOD.01 | I15: 44329 | J15: =Tabela3[[#This Row],[CARGO]] -> Oper Maqs Florestais I Grua | K15: 45408
B16: JULIO CESAR CORREA DA SILVA | C16: =RIGHT(Tabela3[[#This Row],[MÓDULO2]],1) -> 1 | D16: Oper Maqs Florestais I Grua | E16: 373114 | F16: MARCIO APARECIDO CAVALHEIRO | G16: MOD.01 | I16: 44329 | J16: =Tabela3[[#This Row],[CARGO]] -> Oper Maqs Florestais I Grua | K16: 45394
A17: 37005669 | B17: ODAIR DONIZETTI IZIDORO DA SILVA | C17: =RIGHT(Tabela3[[#This Row],[MÓDULO2]],1) -> 1 | D17: Assistente Operador Carregamento Grua | E17: 373114 | F17: MARCIO APARECIDO CAVALHEIRO | G17: MOD.01 | H17: 20013965 | I17: 44329 | J17: =Tabela3[[#This Row],[CARGO]] -> Assistente Operador Carregamento Grua | L17: Lençóis Paulista | M17: Prêmio Maio - ok
A18: 37007174 | B18: PAULO RODRIGUES DOS ANJOS | C18: =RIGHT(Tabela3[[#This Row],[MÓDULO2]],1) -> 1 | D18: Oper Maqs Florestais I Grua | E18: 373114 | F18: MARCIO APARECIDO CAVALHEIRO | G18: MOD.01 | H18: 20022977 | I18: 44609 | J18: =Tabela3[[#This Row],[CARGO]] -> Oper Maqs Florestais I Grua | L18: Areiópolis | M18: Prêmio Maio - ok
A19: 37001934 | B19: VAGNER PEREIRA DOS SANTOS | C19: =RIGHT(Tabela3[[#This Row],[MÓDULO2]],1) -> 1 | D19: Assistente Operador Carregamento Grua | E19: 373114 | F19: MARCIO APARECIDO CAVALHEIRO | G19: MOD.01 | H19: 20009981 | I19: 42828 | J19: =Tabela3[[#This Row],[CARGO]] -> Assistente Operador Carregamento Grua | L19: Lençóis Paulista | M19: Prêmio Maio - ok
A20: 37005672 | B20: WESLEY ROBSON FERREIRA DA SILVA | C20: =RIGHT(Tabela3[[#This Row],[MÓDULO2]],1) -> 1 | D20: Oper Maqs Florestais I Grua | E20: 373114 | F20: MARCIO APARECIDO CAVALHEIRO | G20: MOD.01 | H20: 20013968 | I20: 44329 | J20: =Tabela3[[#This Row],[CARGO]] -> Oper Maqs Florestais I Grua | L20: Lençóis Paulista | M20: Prêmio Maio - ok
B21: CRISTIANO FERREIRA SANTOS | C21: =RIGHT(Tabela3[[#This Row],[MÓDULO2]],1) -> 2 | D21: Assistente Operador Carregamento Grua | E21: 373114 | F21: JHON FELIPE SENOSKI | G21: MOD.02 | H21: 20014383 | I21: 44329 | J21: =Tabela3[[#This Row],[CARGO]] -> Assistente Operador Carregamento Grua | K21: 45758 | L21: Itapeva
B22: JULIO CESAR OLIVEIRA SANTOS | C22: =RIGHT(Tabela3[[#This Row],[MÓDULO2]],1) -> 2 | D22: Oper Maqs Florestais I Grua | E22: 373114 | F22: JHON FELIPE SENOSKI | G22: MOD.02 | H22: 20055398 | I22: 45125 | J22: =Tabela3[[#This Row],[CARGO]] -> Oper Maqs Florestais I Grua | K22: 45677 | L22: Itapeva
A23: 37015497 | B23: ELISEU BUENO DE PAULO | C23: =RIGHT(Tabela3[[#This Row],[MÓDULO2]],1) -> 2 | D23: Oper Maqs Florestais I Grua | E23: 373114 | F23: JHON FELIPE SENOSKI | G23: MOD.02 | H23: 20062748 | I23: 45265 | J23: =Tabela3[[#This Row],[CARGO]] -> Oper Maqs Florestais I Grua | L23: Itapeva | M23: Prêmio Maio - ok
A24: 37018691 | B24: ENOQUE VIEIRA DE PAULO | C24: =RIGHT(Tabela3[[#This Row],[MÓDULO2]],1) -> 2 | D24: Oper Maqs Florestais I Grua | E24: 373114 | F24: JHON FELIPE SENOSKI | G24: MOD.02 | H24: 20074848 | I24: 45510 | J24: =Tabela3[[#This Row],[CARGO]] -> Oper Maqs Florestais I Grua | L24: Campina de fora | M24: Prêmio Maio - ok
A25: 37018692 | B25: ESAU VIEIRA DE PAULO | C25: =RIGHT(Tabela3[[#This Row],[MÓDULO2]],1) -> 2 | D25: Oper Maqs Florestais I Grua | E25: 373114 | F25: JHON FELIPE SENOSKI | G25: MOD.02 | H25: 20074849 | I25: 45510 | J25: =Tabela3[[#This Row],[CARGO]] -> Oper Maqs Florestais I Grua | L25: Itapeva(campina de fora) | M25: Prêmio Maio - ok
A26: 37006418 | B26: FABRICIO SANTOS PEREIRA | C26: =RIGHT(Tabela3[[#This Row],[MÓDULO2]],1) -> 2 | D26: Assistente Operador Carregamento Grua | E26: 373114 | F26: JHON FELIPE SENOSKI | G26: MOD.02 | H26: 20017828 | I26: 44459 | J26: =Tabela3[[#This Row],[CARGO]] -> Assistente Operador Carregamento Grua | L26: Itapeva | M26: Prêmio Maio - ok
A27: 37008824 | B27: FRANCISCO HENRIQUE PEREIRA DE LIMA | C27: =RIGHT(Tabela3[[#This Row],[MÓDULO2]],1) -> 2 | D27: Assistente Operador Carregamento Grua | E27: 373114 | F27: JHON FELIPE SENOSKI | G27: MOD.02 | H27: 20034927 | I27: 44777 | J27: =Tabela3[[#This Row],[CARGO]] -> Assistente Operador Carregamento Grua | L27: Itapeva | M27: Prêmio Maio - ok
A28: 37013385 | B28: JAIR MARQUES DA SILVA FILHO | C28: =RIGHT(Tabela3[[#This Row],[MÓDULO2]],1) -> 2 | D28: Assistente Operador Carregamento Grua | E28: 373114 | F28: JHON FELIPE SENOSKI | G28: MOD.02 | H28: 20054463 | I28: 45118 | J28: =Tabela3[[#This Row],[CARGO]] -> Assistente Operador Carregamento Grua | L28: Capão bonito | M28: Prêmio Maio - ok
A29: 37005649 | B29: JEFERSON DE PAULA SILVA | C29: =RIGHT(Tabela3[[#This Row],[MÓDULO2]],1) -> 2 | D29: Assistente Operador Carregamento Grua | E29: 373114 | F29: JHON FELIPE SENOSKI | G29: MOD.02 | H29: 20013948 | I29: 44329 | J29: =Tabela3[[#This Row],[CARGO]] -> Assistente Operador Carregamento Grua | L29: Itapeva | M29: Prêmio Maio - ok
A30: 37009369 | B30: JORGE FLEXA BARBOSA | C30: =RIGHT(Tabela3[[#This Row],[MÓDULO2]],1) -> 2 | D30: Assistente Operador Carregamento Grua | E30: 373114 | F30: JHON FELIPE SENOSKI | G30: MOD.02 | H30: 20033390 | I30: 44816 | J30: =Tabela3[[#This Row],[CARGO]] -> Assistente Operador Carregamento Grua | L30: Itapeva | M30: Prêmio Maio - ok
A31: 37021674 | B31: LEONARDO DONIAS ROCHA FURQUIM | C31: =RIGHT(Tabela3[[#This Row],[MÓDULO2]],1) -> 2 | D31: Oper Maqs Florestais I Grua | E31: 373114 | F31: JHON FELIPE SENOSKI | G31: MOD.02 | H31: 20089575 | I31: 45755 | J31: =Tabela3[[#This Row],[CARGO]] -> Oper Maqs Florestais I Grua | L31: Itapeva | M31: pagar proporcional
A32: 37005645 | B32: MARCIO ROGERIO BARREIROS | C32: =RIGHT(Tabela3[[#This Row],[MÓDULO2]],1) -> 2 | D32: Assistente Operador Carregamento Grua | E32: 373114 | F32: JHON FELIPE SENOSKI | G32: MOD.02 | H32: 20014382 | I32: 44329 | J32: =Tabela3[[#This Row],[CARGO]] -> Assistente Operador Carregamento Grua | L32: Itapeva | M32: Prêmio Maio - ok
A33: 37009096 | B33: MAYCON COTA LOPES | C33: =RIGHT(Tabela3[[#This Row],[MÓDULO2]],1) -> 2 | D33: Oper Maqs Florestais I Grua | E33: 373114 | F33: JHON FELIPE SENOSKI | G33: MOD.02 | H33: 20031522 | I33: 44788 | J33: =Tabela3[[#This Row],[CARGO]] -> Oper Maqs Florestais I Grua | L33: Nova campinas | M33: Prêmio Maio - ok
A34: 37011081 | B34: MOIZES RODRIGUES FERREIRA | C34: =RIGHT(Tabela3[[#This Row],[MÓDULO2]],1) -> 2 | D34: Oper Maqs Florestais I Grua | E34: 373114 | F34: JHON FELIPE SENOSKI | G34: MOD.02 | H34: 20042153 | I34: 44963 | J34: =Tabela3[[#This Row],[CARGO]] -> Oper Maqs Florestais I Grua | L34: Itapeva | M34: Prêmio Maio - ok
B35: LEANDRO FERREIRA DE ALMEIDA | C35: =RIGHT(Tabela3[[#This Row],[MÓDULO2]],1) -> 2 | D35: Oper Maqs Florestais I Grua | E35: 373114 | F35: JHON FELIPE SENOSKI | G35: MOD.02 | I35: 44900 | J35: =Tabela3[[#This Row],[CARGO]] -> Oper Maqs Florestais I Grua | K35: 45366
B36: WESLEY AMARAL CAMARGO | C36: =RIGHT(Tabela3[[#This Row],[MÓDULO2]],1) -> 2 | D36: Assistente Operador Carregamento Grua | E36: 373114 | F36: JHON FELIPE SENOSKI | G36: MOD.02 | I36: 44329 | J36: =Tabela3[[#This Row],[CARGO]] -> Assistente Operador Carregamento Grua | K36: 45359
A37: 37011476 | B37: SALATIEL FRANCO BOACHAQUES | C37: =RIGHT(Tabela3[[#This Row],[MÓDULO2]],1) -> 2 | D37: Oper Maqs Florestais I Grua | E37: 373114 | F37: JHON FELIPE SENOSKI | G37: MOD.02 | H37: 20044135 | I37: 44991 | J37: =Tabela3[[#This Row],[CARGO]] -> Oper Maqs Florestais I Grua | L37: Itapeva | M37: Prêmio Maio - ok
A38: 37011488 | B38: THIAGO VINICIUS DE MOURA DUARTE | C38: =RIGHT(Tabela3[[#This Row],[MÓDULO2]],1) -> 2 | D38: Assistente Operador Carregamento Grua | E38: 373114 | F38: JHON FELIPE SENOSKI | G38: MOD.02 | H38: 20044147 | I38: 44991 | J38: =Tabela3[[#This Row],[CARGO]] -> Assistente Operador Carregamento Grua | L38: Itapeva | M38: Prêmio Maio - ok
A39: 37005782 | B39: AMARILDO RODRIGUES DE PAULA | C39: =RIGHT(Tabela3[[#This Row],[MÓDULO2]],1) -> 3 | D39: Assistente Operador Carregamento Grua | E39: 373114 | F39: JHON FELIPE SENOSKI | G39: MOD.03 | H39: 20016046 | I39: 44348 | J39: =Tabela3[[#This Row],[CARGO]] -> Assistente Operador Carregamento Grua | L39: Itatinga | M39: Prêmio Maio - ok
A40: 37020619 | B40: Bruno De Souza | C40: =RIGHT(Tabela3[[#This Row],[MÓDULO2]],1) -> 3 | D40: Oper Maqs Florestais I Grua | E40: 373114 | F40: JHON FELIPE SENOSKI | G40: MOD.03 | H40: 20084373 | I40: 45678 | J40: =Tabela3[[#This Row],[CARGO]] -> Oper Maqs Florestais I Grua | M40: Prêmio Maio - ok
A41: 37020807 | B41: Celso Alves Bueno | C41: =RIGHT(Tabela3[[#This Row],[MÓDULO2]],1) -> 3 | D41: Oper Maqs Florestais I Grua | E41: 373114 | F41: JHON FELIPE SENOSKI | G41: MOD.03 | H41: 20085171 | I41: 45699 | J41: =Tabela3[[#This Row],[CARGO]] -> Oper Maqs Florestais I Grua | M41: Prêmio Maio - ok
A42: 37013716 | B42: CLEVER TORCINELLI PRUDENCIO | C42: =RIGHT(Tabela3[[#This Row],[MÓDULO2]],1) -> 3 | D42: Oper Maqs Florestais I Grua | E42: 373114 | F42: JHON FELIPE SENOSKI | G42: MOD.03 | H42: 20056311 | I42: 45153 | J42: =Tabela3[[#This Row],[CARGO]] -> Oper Maqs Florestais I Grua | L42: Agudos | M42: Prêmio Maio - ok
A43: 37010826 | B43: DANIEL CORREA DE LIMA | C43: =RIGHT(Tabela3[[#This Row],[MÓDULO2]],1) -> 3 | D43: Assistente Operador Carregamento Grua | E43: 373114 | F43: JHON FELIPE SENOSKI | G43: MOD.03 | H43: 20041222 | I43: 44942 | J43: =Tabela3[[#This Row],[CARGO]] -> Assistente Operador Carregamento Grua | L43: Itatinga | M43: Prêmio Maio - ok
A44: 37009198 | B44: DEIVID FRANCISCO TEIXEIRA | C44: =RIGHT(Tabela3[[#This Row],[MÓDULO2]],1) -> 3 | D44: Assistente Operador Carregamento Grua | E44: 373114 | F44: JHON FELIPE SENOSKI | G44: MOD.03 | H44: 20032235 | I44: 44795 | J44: =Tabela3[[#This Row],[CARGO]] -> Assistente Operador Carregamento Grua | L44: Itatinga | M44: Prêmio Maio - ok
A45: 37006345 | B45: DORIVAL FOGACA | C45: =RIGHT(Tabela3[[#This Row],[MÓDULO2]],1) -> 3 | D45: Assistente Operador Carregamento Grua | E45: 373114 | F45: JHON FELIPE SENOSKI | G45: MOD.03 | H45: 20017072 | I45: 44447 | J45: =Tabela3[[#This Row],[CARGO]] -> Assistente Operador Carregamento Grua | L45: Itatinga | M45: Prêmio Maio - ok
A46: 37021092 | B46: ELIANE DE MATTOS | C46: =RIGHT(Tabela3[[#This Row],[MÓDULO2]],1) -> 3 | D46: Oper Maqs Florestais I Grua | E46: 373114 | F46: JHON FELIPE SENOSKI | G46: MOD.03 | H46: 20086589 | I46: 45727 | J46: =Tabela3[[#This Row],[CARGO]] -> Oper Maqs Florestais I Grua | M46: Prêmio Maio - ok
A47: 37005790 | B47: ELISEU MARCOLINO DOS SANTOS | C47: =RIGHT(Tabela3[[#This Row],[MÓDULO2]],1) -> 3 | D47: Assistente Operador Carregamento Grua | E47: 373114 | F47: JHON FELIPE SENOSKI | G47: MOD.03 | H47: 20016041 | I47: 44348 | J47: =Tabela3[[#This Row],[CARGO]] -> Assistente Operador Carregamento Grua | L47: Itatinga | M47: Prêmio Maio - ok
A48: 37011355 | B48: ELITON DE PONTES | C48: =RIGHT(Tabela3[[#This Row],[MÓDULO2]],1) -> 3 | D48: Oper Maqs Florestais I Grua | E48: 373114 | F48: JHON FELIPE SENOSKI | G48: MOD.03 | H48: 20043355 | I48: 44986 | J48: =Tabela3[[#This Row],[CARGO]] -> Oper Maqs Florestais I Grua | L48: Itatinga | M48: Prêmio Maio - ok
B49: CARLOS ROBERTO SOUZA PAIXAO | C49: =RIGHT(Tabela3[[#This Row],[MÓDULO2]],1) -> 3 | D49: Oper Maqs Florestais I Grua | E49: 373114 | F49: JHON FELIPE SENOSKI | G49: MOD.03 | I49: 44970 | J49: =Tabela3[[#This Row],[CARGO]] -> Oper Maqs Florestais I Grua | K49: 45677 | L49: Itatinga
A50: 37005791 | B50: HUBALDO GUILHERME VITORIANO LIMA | C50: =RIGHT(Tabela3[[#This Row],[MÓDULO2]],1) -> 3 | D50: Assistente Operador Carregamento Grua | E50: 373114 | F50: JHON FELIPE SENOSKI | G50: MOD.03 | H50: 20016047 | I50: 44348 | J50: =Tabela3[[#This Row],[CARGO]] -> Assistente Operador Carregamento Grua | L50: Itatinga | M50: Prêmio Maio - ok
B51: EDENILSON ADEMIR PEREIRA | C51: =RIGHT(Tabela3[[#This Row],[MÓDULO2]],1) -> 3 | D51: Assistente Operador Carregamento Grua | E51: 373114 | F51: JHON FELIPE SENOSKI | G51: MOD.03 | I51: 44447 | J51: =Tabela3[[#This Row],[CARGO]] -> Assistente Operador Carregamento Grua | K51: 45733 | L51: Botucatu
A52: 37021545 | B52: JAIR THEODORO | C52: =RIGHT(Tabela3[[#This Row],[MÓDULO2]],1) -> 3 | D52: Oper Maqs Florestais I Grua | E52: 373114 | F52: JHON FELIPE SENOSKI | G52: MOD.03 | H52: 20089411 | I52: 45755 | J52: =Tabela3[[#This Row],[CARGO]] -> Oper Maqs Florestais I Grua | L52: Itatinga | M52: pagar proporcional
B53: JOSE EDUARDO DE SOUZA PAIXAO | C53: =RIGHT(Tabela3[[#This Row],[MÓDULO2]],1) -> 3 | D53: Oper Maqs Florestais I Grua | E53: 373114 | F53: JHON FELIPE SENOSKI | G53: MOD.03 | I53: 44986 | J53: =Tabela3[[#This Row],[CARGO]] -> Oper Maqs Florestais I Grua | K53: 45707
B54: MARCO ANTONIO DE OLIVEIRA SILVA | C54: =RIGHT(Tabela3[[#This Row],[MÓDULO2]],1) -> 3 | D54: Assistente Operador Carregamento Grua | E54: 373114 | F54: JHON FELIPE SENOSKI | G54: MOD.03 | I54: 44348 | J54: =Tabela3[[#This Row],[CARGO]] -> Assistente Operador Carregamento Grua | K54: 45733 | L54: Itatinga
A55: 37011356 | B55: JORGE DANIEL TEIXEIRA | C55: =RIGHT(Tabela3[[#This Row],[MÓDULO2]],1) -> 3 | D55: Oper Maqs Florestais I Grua | E55: 373114 | F55: JHON FELIPE SENOSKI | G55: MOD.03 | H55: 20043356 | I55: 44986 | J55: =Tabela3[[#This Row],[CARGO]] -> Oper Maqs Florestais I Grua | L55: Itatinga | M55: Prêmio Maio - ok
A56: 37021045 | B56: NELCI DE CARVALHO | C56: =RIGHT(Tabela3[[#This Row],[MÓDULO2]],1) -> 3 | D56: Oper Maqs Florestais I Grua | E56: 373114 | F56: JHON FELIPE SENOSKI | G56: MOD.03 | H56: 20086480 | I56: 45727 | J56: =Tabela3[[#This Row],[CARGO]] -> Oper Maqs Florestais I Grua | M56: Prêmio Maio - ok
B57: GUILHERME AFONSO MASSAGLI | C57: =RIGHT(Tabela3[[#This Row],[MÓDULO2]],1) -> 3 | D57: Assistente Operador Carregamento Grua | E57: 373114 | F57: JHON FELIPE SENOSKI | G57: MOD.03 | I57: 44348 | J57: =Tabela3[[#This Row],[CARGO]] -> Assistente Operador Carregamento Grua | K57: 45474
B58: ALISON GUSTAVO DE REZENDE | C58: =RIGHT(Tabela3[[#This Row],[MÓDULO2]],1) -> 3 | D58: Oper Maqs Florestais I Grua | E58: 373114 | F58: JHON FELIPE SENOSKI | G58: MOD.03 | I58: 44935 | J58: =Tabela3[[#This Row],[CARGO]] -> Oper Maqs Florestais I Grua | K58: 45504
A59: 37009026 | B59: PAULO SERGIO ZANELLA | C59: =RIGHT(Tabela3[[#This Row],[MÓDULO2]],1) -> 3 | D59: Oper Maqs Florestais I Grua | E59: 373114 | F59: JHON FELIPE SENOSKI | G59: MOD.03 | H59: 20030999 | I59: 44781 | J59: =Tabela3[[#This Row],[CARGO]] -> Oper Maqs Florestais I Grua | L59: Itatinga | M59: Prêmio Maio - ok
A60: 37014379 | B60: ROGELIO SIQUEIRA | C60: =RIGHT(Tabela3[[#This Row],[MÓDULO2]],1) -> 3 | D60: Assistente Operador Carregamento Grua | E60: 373114 | F60: JHON FELIPE SENOSKI | G60: MOD.03 | H60: 20058514 | I60: 45174 | J60: =Tabela3[[#This Row],[CARGO]] -> Assistente Operador Carregamento Grua | L60: Itatinga | M60: Prêmio Maio - ok
A61: 37013717 | B61: Alex Varanda Da Silva | C61: =RIGHT(Tabela3[[#This Row],[MÓDULO2]],1) -> 4 | D61: Assistente Operador Carregamento Grua | E61: 373114 | F61: MARCIO APARECIDO CAVALHEIRO | G61: MOD.04 | H61: 20056312 | I61: 45153 | J61: =Tabela3[[#This Row],[CARGO]] -> Assistente Operador Carregamento Grua | L61: Agudos | M61: Prêmio Maio - ok
A62: 37010495 | B62: EVERTON LOPES ALVES | C62: =RIGHT(Tabela3[[#This Row],[MÓDULO2]],1) -> 4 | D62: Assistente Operador Carregamento Grua | E62: 373114 | F62: MARCIO APARECIDO CAVALHEIRO | G62: MOD.04 | H62: 20040228 | I62: 44914 | J62: =Tabela3[[#This Row],[CARGO]] -> Assistente Operador Carregamento Grua | L62: Agudos | M62: Prêmio Maio - ok
A63: 37020817 | B63: GIOVANO DOS SANTOS PEREIRA | C63: =RIGHT(Tabela3[[#This Row],[MÓDULO2]],1) -> 4 | D63: Oper Maqs Florestais I Grua | E63: 373114 | F63: MARCIO APARECIDO CAVALHEIRO | G63: MOD.04 | H63: 20085191 | I63: 45699 | J63: =Tabela3[[#This Row],[CARGO]] -> Oper Maqs Florestais I Grua | M63: Prêmio Maio - ok
A64: 37006675 | B64: JAZIEL DOS SANTOS ARAUJO | C64: =RIGHT(Tabela3[[#This Row],[MÓDULO2]],1) -> 4 | D64: Oper Maqs Florestais I Grua | E64: 373114 | F64: MARCIO APARECIDO CAVALHEIRO | G64: MOD.04 | H64: 20018752 | I64: 44503 | J64: =Tabela3[[#This Row],[CARGO]] -> Oper Maqs Florestais I Grua | L64: Agudos | M64: Prêmio Maio - ok
A65: 37006782 | B65: JOAO BATISTA BARBOSA BRITO | C65: =RIGHT(Tabela3[[#This Row],[MÓDULO2]],1) -> 4 | D65: Assistente Operador Carregamento Grua | E65: 373114 | F65: MARCIO APARECIDO CAVALHEIRO | G65: MOD.04 | H65: 20019009 | I65: 44522 | J65: =Tabela3[[#This Row],[CARGO]] -> Assistente Operador Carregamento Grua | L65: Agudos | M65: Prêmio Maio - ok
A66: 37013351 | B66: LUIZ CARLOS LOPES CRUZ | C66: =RIGHT(Tabela3[[#This Row],[MÓDULO2]],1) -> 4 | D66: Assistente Operador Carregamento Grua | E66: 373114 | F66: MARCIO APARECIDO CAVALHEIRO | G66: MOD.04 | H66: 20054008 | I66: =VLOOKUP(Tabela3[[#This Row],[COLABORADOR]],[1]ATIVOS!$B$4:$I$216,8,) -> 45118 | J66: =Tabela3[[#This Row],[CARGO]] -> Assistente Operador Carregamento Grua | L66: Agudos | M66: Prêmio Maio - ok
B67: LUCIANO SILVESTRE | C67: =RIGHT(Tabela3[[#This Row],[MÓDULO2]],1) -> 4 | D67: Assistente Operador Carregamento Grua | E67: 373114 | F67: MARCIO APARECIDO CAVALHEIRO | G67: MOD.04 | I67: 44417 | J67: =Tabela3[[#This Row],[CARGO]] -> Assistente Operador Carregamento Grua | K67: 45698 | L67: Agudos
A68: 37008955 | B68: MILANDIA VICENTE COSTA | C68: =RIGHT(Tabela3[[#This Row],[MÓDULO2]],1) -> 4 | D68: Oper Maqs Florestais I Grua | E68: 373114 | F68: MARCIO APARECIDO CAVALHEIRO | G68: MOD.04 | H68: 20035279 | I68: 44777 | J68: =Tabela3[[#This Row],[CARGO]] -> Oper Maqs Florestais I Grua | L68: Agudos | M68: Prêmio Maio - ok
A69: 37005982 | B69: NATALYA MARIANO CLARO | C69: =RIGHT(Tabela3[[#This Row],[MÓDULO2]],1) -> 4 | D69: Oper Maqs Florestais I Grua | E69: 373114 | F69: MARCIO APARECIDO CAVALHEIRO | G69: MOD.04 | H69: 20016784 | I69: 44382 | J69: =Tabela3[[#This Row],[CARGO]] -> Oper Maqs Florestais I Grua | L69: Agudos | M69: Prêmio Maio - ok
A70: 37006437 | B70: PAULO CESAR GARCIA | C70: =RIGHT(Tabela3[[#This Row],[MÓDULO2]],1) -> 4 | D70: Oper Maqs Florestais I Grua | E70: 373114 | F70: MARCIO APARECIDO CAVALHEIRO | G70: MOD.04 | H70: 20017841 | I70: 44459 | J70: =Tabela3[[#This Row],[CARGO]] -> Oper Maqs Florestais I Grua | L70: Agudos | M70: Prêmio Maio - ok
A71: 37005988 | B71: RENATO DE MELLO MARQUES | C71: =RIGHT(Tabela3[[#This Row],[MÓDULO2]],1) -> 4 | D71: Oper Maqs Florestais I Grua | E71: 373114 | F71: MARCIO APARECIDO CAVALHEIRO | G71: MOD.04 | H71: 20016790 | I71: 44382 | J71: =Tabela3[[#This Row],[CARGO]] -> Oper Maqs Florestais I Grua | L71: Agudos | M71: Prêmio Maio - ok
A72: 37013308 | B72: RICARDO PISANI DA SILVA | C72: =RIGHT(Tabela3[[#This Row],[MÓDULO2]],1) -> 4 | D72: Assistente Operador Carregamento Grua | E72: 373114 | F72: MARCIO APARECIDO CAVALHEIRO | G72: MOD.04 | H72: 20053670 | I72: 45111 | J72: =Tabela3[[#This Row],[CARGO]] -> Assistente Operador Carregamento Grua | L72: Agudos | M72: Prêmio Maio - ok
B73: RICARDO NEVES FERREIRA | C73: =RIGHT(Tabela3[[#This Row],[MÓDULO2]],1) -> 4 | D73: Assistente Operador Carregamento Grua | E73: 373114 | F73: MARCIO APARECIDO CAVALHEIRO | G73: MOD.04 | I73: 44571 | J73: =Tabela3[[#This Row],[CARGO]] -> Assistente Operador Carregamento Grua | K73: 45728 | L73: Agudos
A74: 37018828 | B74: RODRIGO DA COSTA VASCONCELLOS | C74: =RIGHT(Tabela3[[#This Row],[MÓDULO2]],1) -> 4 | D74: Oper Maqs Florestais I Grua | E74: 373114 | F74: MARCIO APARECIDO CAVALHEIRO | G74: MOD.04 | H74: 20075123 | I74: 45510 | J74: =Tabela3[[#This Row],[CARGO]] -> Oper Maqs Florestais I Grua | L74: Agudos | M74: Prêmio Maio - ok
A75: 37013499 | B75: SAVIO AUGUSTO DA SILVA | C75: =RIGHT(Tabela3[[#This Row],[MÓDULO2]],1) -> 4 | D75: Assistente Operador Carregamento Grua | E75: 373114 | F75: MARCIO APARECIDO CAVALHEIRO | G75: MOD.04 | H75: 20055395 | I75: 45125 | J75: =Tabela3[[#This Row],[CARGO]] -> Assistente Operador Carregamento Grua | L75: Agudos | M75: Prêmio Maio - ok
A76: 37013752 | B76: TEYLOR FELIPE LOPES ARAUJO | C76: =RIGHT(Tabela3[[#This Row],[MÓDULO2]],1) -> 4 | D76: Oper maqs Florestais I Grua | E76: 373114 | F76: MARCIO APARECIDO CAVALHEIRO | G76: MOD.04 | H76: 20056387 | I76: 45153 | J76: =Tabela3[[#This Row],[CARGO]] -> Oper maqs Florestais I Grua | L76: Agudos | M76: Prêmio Maio - ok
B77: JOAO BATISTA LIMA | C77: =RIGHT(Tabela3[[#This Row],[MÓDULO2]],1) -> 4 | D77: Assistente Operador Carregamento Grua | E77: 373114 | F77: MARCIO APARECIDO CAVALHEIRO | G77: MOD.04 | I77: 44417 | J77: =Tabela3[[#This Row],[CARGO]] -> Assistente Operador Carregamento Grua | K77: 45385
B78: MARCOS RIBEIRO FREIRE | C78: =RIGHT(Tabela3[[#This Row],[MÓDULO2]],1) -> 4 | D78: Assistente Operador Carregamento Grua | E78: 373114 | F78: MARCIO APARECIDO CAVALHEIRO | G78: MOD.04 | I78: 44881 | J78: =Tabela3[[#This Row],[CARGO]] -> Assistente Operador Carregamento Grua | K78: 45383
B79: REGINALDO APARECIDO VAZ | C79: =RIGHT(Tabela3[[#This Row],[MÓDULO2]],1) -> 4 | D79: Assistente Operador Carregamento Grua | E79: 373114 | F79: MARCIO APARECIDO CAVALHEIRO | G79: MOD.04 | I79: 45174 | J79: =Tabela3[[#This Row],[CARGO]] -> Assistente Operador Carregamento Grua | K79: 45504
A80: 37008020 | B80: ACACIO DAMAZIO | C80: =RIGHT(Tabela3[[#This Row],[MÓDULO2]],1) -> 5 | D80: Oper Maqs Florestais I Grua | E80: 373114 | F80: THIAGO MARIA PROENCA ALMEIDA | G80: MOD.05 | H80: 20026063 | I80: 44713 | J80: =Tabela3[[#This Row],[CARGO]] -> Oper Maqs Florestais I Grua | L80: Bauru | M80: Prêmio Maio - ok
B81: FELIPE ARTUR DOS SANTOS RODRIGUES | C81: =RIGHT(Tabela3[[#This Row],[MÓDULO2]],1) -> 5 | D81: Assistente Operador Carregamento Grua | E81: 373114 | F81: THIAGO MARIA PROENCA ALMEIDA | G81: MOD.05 | I81: 45083 | J81: =Tabela3[[#This Row],[CARGO]] -> Assistente Operador Carregamento Grua | K81: 45639 | L81: Bauru
A82: 37013758 | B82: ANTONIO MARCOS GOMES FERNANDES | C82: =RIGHT(Tabela3[[#This Row],[MÓDULO2]],1) -> 5 | D82: Assistente Operador Carregamento Grua | E82: 373114 | F82: THIAGO MARIA PROENCA ALMEIDA | G82: MOD.05 | H82: 20056393 | I82: 45153 | J82: =Tabela3[[#This Row],[CARGO]] -> Assistente Operador Carregamento Grua | L82: Bauru | M82: Prêmio Maio - ok
A83: 37011464 | B83: ARIANA SANTOS NAVARRO | C83: =RIGHT(Tabela3[[#This Row],[MÓDULO2]],1) -> 5 | D83: Oper Maqs Florestais I Grua | E83: 373114 | F83: THIAGO MARIA PROENCA ALMEIDA | G83: MOD.05 | H83: 20044123 | I83: 44991 | J83: =Tabela3[[#This Row],[CARGO]] -> Oper Maqs Florestais I Grua | L83: Bauru | M83: Prêmio Maio - ok
B84: MAYCO MARQUES OLIVEIRA | C84: =RIGHT(Tabela3[[#This Row],[MÓDULO2]],1) -> 5 | D84: Assistente Operador Carregamento Grua | E84: 373114 | F84: THIAGO MARIA PROENCA ALMEIDA | G84: MOD.05 | I84: 44837 | J84: =Tabela3[[#This Row],[CARGO]] -> Assistente Operador Carregamento Grua | K84: 45701 | L84: Bauru
A85: 37006237 | B85: CARLOS REINAN PEREIRA TAVARES | C85: =RIGHT(Tabela3[[#This Row],[MÓDULO2]],1) -> 5 | D85: Assistente Operador Carregamento Grua | E85: 373114 | F85: THIAGO MARIA PROENCA ALMEIDA | G85: MOD.05 | H85: 20016982 | I85: 44431 | J85: =Tabela3[[#This Row],[CARGO]] -> Assistente Operador Carregamento Grua | L85: Bauru | M85: Prêmio Maio - ok
A86: 37019174 | B86: CLEIBER PINTO TEIXEIRA | C86: =RIGHT(Tabela3[[#This Row],[MÓDULO2]],1) -> 5 | D86: Oper Maqs Florestais I Grua | E86: 373114 | F86: THIAGO MARIA PROENCA ALMEIDA | G86: MOD.05 | H86: 20077381 | I86: 45545 | J86: =Tabela3[[#This Row],[CARGO]] -> Oper Maqs Florestais I Grua | M86: Prêmio Maio - ok
A87: 37009726 | B87: DANIEL SOARES DE BRITO | C87: =RIGHT(Tabela3[[#This Row],[MÓDULO2]],1) -> 5 | D87: Assistente Operador Carregamento Grua | E87: 373114 | F87: THIAGO MARIA PROENCA ALMEIDA | G87: MOD.05 | H87: 20036011 | I87: 44851 | J87: =Tabela3[[#This Row],[CARGO]] -> Assistente Operador Carregamento Grua | M87: Prêmio Maio - ok
B88: EDER BERNARDES DA SILVA | C88: =RIGHT(Tabela3[[#This Row],[MÓDULO2]],1) -> 5 | D88: Assistente Operador Carregamento Grua | E88: 373114 | F88: THIAGO MARIA PROENCA ALMEIDA | G88: MOD.05 | H88: 20059011 | I88: 45181 | J88: =Tabela3[[#This Row],[CARGO]] -> Assistente Operador Carregamento Grua | K88: 01/05/2025 (virou tecnico) | L88: Bauru | M88: Prêmio Maio - ok
B89: DANIEL RICARDO PARDIM RIBEIRO | C89: =RIGHT(Tabela3[[#This Row],[MÓDULO2]],1) -> 5 | D89: Oper Maqs Florestais I Grua | E89: 373114 | F89: THIAGO MARIA PROENCA ALMEIDA | G89: MOD.05 | I89: 44431 | J89: =Tabela3[[#This Row],[CARGO]] -> Oper Maqs Florestais I Grua | K89: 45357
B90: JEFFERSON SOARES DA LUZ | C90: =RIGHT(Tabela3[[#This Row],[MÓDULO2]],1) -> 5 | D90: Oper Maqs Florestais I Grua | E90: 373114 | F90: THIAGO MARIA PROENCA ALMEIDA | G90: MOD.05 | I90: 45118 | J90: =Tabela3[[#This Row],[CARGO]] -> Oper Maqs Florestais I Grua | K90: 45538
B91: PAULO AUGUSTO DA SILVA | C91: =RIGHT(Tabela3[[#This Row],[MÓDULO2]],1) -> 5 | D91: Operador Trainee Campo | E91: 373114 | F91: THIAGO MARIA PROENCA ALMEIDA | G91: MOD.05 | J91: =Tabela3[[#This Row],[CARGO]] -> Operador Trainee Campo | K91: 45386
B92: ROGERIO APARECIDO DE OLIVEIRA | C92: =RIGHT(Tabela3[[#This Row],[MÓDULO2]],1) -> 5 | D92: Assistente Operador Carregamento Grua | E92: 373114 | F92: THIAGO MARIA PROENCA ALMEIDA | G92: MOD.05 | I92: 44986 | J92: =Tabela3[[#This Row],[CARGO]] -> Assistente Operador Carregamento Grua | K92: 45386
B93: WELLINGTON DO ROSARIO ALBINO | C93: =RIGHT(Tabela3[[#This Row],[MÓDULO2]],1) -> 5 | D93: Assistente Operador Carregamento Grua | E93: 373114 | F93: THIAGO MARIA PROENCA ALMEIDA | G93: MOD.05 | I93: 44844 | J93: =Tabela3[[#This Row],[CARGO]] -> Assistente Operador Carregamento Grua | K93: 45338
A94: 37011459 | B94: JOSE HENRIQUE DE SOUSA DA SILVA | C94: =RIGHT(Tabela3[[#This Row],[MÓDULO2]],1) -> 5 | D94: Assistente Operador Carregamento Grua | E94: 373114 | F94: THIAGO MARIA PROENCA ALMEIDA | G94: MOD.05 | H94: 20044118 | I94: 44991 | J94: =Tabela3[[#This Row],[CARGO]] -> Assistente Operador Carregamento Grua | L94: Bauru | M94: Prêmio Maio - ok
A95: 37009549 | B95: JUAN SANTOS DO CARMO | C95: =RIGHT(Tabela3[[#This Row],[MÓDULO2]],1) -> 5 | D95: Assistente Operador Carregamento Grua | E95: 373114 | F95: THIAGO MARIA PROENCA ALMEIDA | G95: MOD.05 | H95: 20035367 | I95: 44837 | J95: =Tabela3[[#This Row],[CARGO]] -> Assistente Operador Carregamento Grua | L95: Bauru | M95: Prêmio Maio - ok
A96: 37012631 | B96: JUCELINO DA CONCEICAO | C96: =RIGHT(Tabela3[[#This Row],[MÓDULO2]],1) -> 5 | D96: Oper Maqs Florestais I Grua | E96: 373114 | F96: THIAGO MARIA PROENCA ALMEIDA | G96: MOD.05 | H96: 20051117 | I96: 45083 | J96: =Tabela3[[#This Row],[CARGO]] -> Oper Maqs Florestais I Grua | L96: Bauru | M96: Prêmio Maio - ok
A97: 37009276 | B97: LUSIANO DA CONCEICAO LOPES | C97: =RIGHT(Tabela3[[#This Row],[MÓDULO2]],1) -> 5 | D97: Oper Maqs Florestais I Grua | E97: 373114 | F97: THIAGO MARIA PROENCA ALMEIDA | G97: MOD.05 | H97: 20033041 | I97: 44809 | J97: =Tabela3[[#This Row],[CARGO]] -> Oper Maqs Florestais I Grua | L97: Bauru | M97: Prêmio Maio - ok
B98: SIDNEY MARTINS BUENO | C98: =RIGHT(Tabela3[[#This Row],[MÓDULO2]],1) -> 5 | D98: Assistente Operador Carregamento Grua | E98: 373114 | F98: THIAGO MARIA PROENCA ALMEIDA | G98: MOD.05 | I98: 44795 | J98: =Tabela3[[#This Row],[CARGO]] -> Assistente Operador Carregamento Grua | K98: 45719 | L98: Bauru
A99: 37009688 | B99: MARIANA DE OLIVEIRA MARTINS | C99: =RIGHT(Tabela3[[#This Row],[MÓDULO2]],1) -> 5 | D99: Oper Maqs Florestais I Grua | E99: 373114 | F99: THIAGO MARIA PROENCA ALMEIDA | G99: MOD.05 | H99: 20036001 | I99: 44851 | J99: =Tabela3[[#This Row],[CARGO]] -> Oper Maqs Florestais I Grua | L99: Bauru | M99: Prêmio Maio - ok
A100: 37020154 | B100: PAULO CESAR BUENO | C100: =RIGHT(Tabela3[[#This Row],[MÓDULO2]],1) -> 5 | D100: Oper Maqs Florestais I Grua | E100: 373114 | F100: THIAGO MARIA PROENCA ALMEIDA | G100: MOD.05 | H100: 20083001 | I100: 45629 | J100: =Tabela3[[#This Row],[CARGO]] -> Oper Maqs Florestais I Grua | M100: Prêmio Maio - ok
...

Sheet Planilha1
B3: Nome atual | C3: Nome correto
B4: Claudivan Goes | C4: CLAUDIVAN APARECIDO SOARES DE GOES
B5: Wellingto Cordeiro Enoque | C5: Wellington Lopes Cordeiro Enoque
B6: Carlos Junior | C6: CARLOS ERVINO ZILLMER JUNIOR
B7: Gileno Santos De Oliveira | C7: GILENO DOS SANTOS OLIVEIRA
B8: Anderson Ávila Vaz | C8: ANDERSON AVILA VAZ
B9: Alex Da Silva | C9: Alex Varanda Da Silva
B10: Giuliano Povoas | C10: GIULIANO CARILO PÓVOAS
B11: Jaziel Araujo Ee3478525387 | C11: JAZIEL DOS SANTOS ARAUJO
B12: Esau Paulo | C12: ESAU VIEIRA DE PAULO
B13: Denis Valdiviezo | C13: Denis Visael Guerra Valdiviezo
B14: Enoque Paulo | C14: ENOQUE VIEIRA DE PAULO

Sheet SUPERVISORES E TECNICOS
A1: MATRÍCULA | B1: COLABORADOR | C1: MÓDULO | D1: CARGO | E1: TELEFONE | F1: CC 2024 | G1: GESTOR IMEDIATO | H1: COD. CARGO | I1: CARGO Workday | J1: ID COLABORADOR | K1: DATA ADMISSÃO | L1: DATA SAÍDA | M1: Cidade Origem | N1: Celular Corporativo | O1: Modelo celular | P1: GESTOR | Q1: MODULO | R1: CENTRO DE CUSTO | S1: SUPERVISOR
A2: 37009708 | B2: MARIO FRAIZ COELHO MAIA DE ANDRADE | C2: - | D2: Coordenador Logistica Florestal | E2: (14) 99667-5441 | F2: 373105 | G2: THIAGO PETINE | I2: COORD LOGISTICA FLORESTAL | J2: 20036000 | K2: 44851 | M2: Bauru | N2: Sim | O2: A32 | P2: MARIO FRAIZ COELHO MAIA DE ANDRADE | R2: 371145 - CARREG TERC CEL
A3: 37010748 | B3: CASSIO THOMAS DA SILVEIRA | C3: MOD.06/07 | D3: Supervisor Logistica Florestal | E3: (14)99688-5697 | F3: 373105 | G3: MARIO FRAIZ COELHO MAIA DE ANDRADE | H3: 11213 | I3: SUP LOGISTICA | J3: 20040958 | K3: 44935 | M3: Bauru | N3: Sim | O3: A54 | P3: MARIO FRAIZ COELHO MAIA DE ANDRADE | R3: 371150 - CARREG TERC ENE
A4: 37014825 | B4: GILLIARD LEPINSCK | C4: MOD.11 | D4: Supervisor Logistica Florestal | E4: (14) 99700-3090 | F4: 373110 | G4: Angelo Antonio Martins Taparo | H4: 11213 | I4: SUP LOGISTICA - estradas | J4: 20060104 | K4: 45202 | M4: João Pinheiro | N4: Sim | O4: A54 | P4: MARIO FRAIZ COELHO MAIA DE ANDRADE | Q4: MOD.01 | R4: 371171 - CARREG PROP MOD 1 | S4: MARCIO APARECIDO CAVALHEIRO
A5: 37005275 | B5: JHON FELIPE SENOSKI | C5: MOD.02/03 | D5: Supervisor Logistica Florestal | E5: (14) 99653-3705 | F5: 373105 | G5: MARIO FRAIZ COELHO MAIA DE ANDRADE | H5: 11213 | I5: SUP LOGISTICA | J5: 20011084 | K5: 44152 | M5: São Miguel Arcanjo | N5: Sim | O5: A54 | P5: MARIO FRAIZ COELHO MAIA DE ANDRADE | Q5: MOD.02 | R5: 371172 - CARREG PROP MOD 2 | S5: JHON FELIPE SENOSKI
A6: 37005502 | B6: MARCIO APARECIDO CAVALHEIRO | C6: MOD.01/04/10 | D6: Supervisor Logistica Florestal | E6: (14) 99608-6640 | F6: 373105 | G6: MARIO FRAIZ COELHO MAIA DE ANDRADE | H6: 11213 | I6: SUP LOGISTICA | J6: 20013549 | K6: 44270 | M6: Lençóis Paulista | N6: Sim | O6: A54 | P6: MARIO FRAIZ COELHO MAIA DE ANDRADE | Q6: MOD.03 | R6: 371173 - CARREG PROP MOD 3 | S6: JHON FELIPE SENOSKI
A7: 37013157 | B7: THIAGO MARIA PROENCA ALMEIDA | C7: MOD.05/08 | D7: Supervisor Logistica Florestal | E7: (14) 99694-2943 | F7: 373105 | G7: MARIO FRAIZ COELHO MAIA DE ANDRADE | H7: 11213 | I7: SUP LOGISTICA | J7: 20053284 | K7: 45111 | M7: Bauru | N7: Sim | O7: A53 | P7: MARIO FRAIZ COELHO MAIA DE ANDRADE | Q7: MOD.04 | R7: 371174 - CARREG PROP MOD 4 | S7: MARCIO APARECIDO CAVALHEIRO
A8: 37005557 | B8: VANDERLEI JOSE HONORIO | C8: MOD.NOTURNO | D8: Supervisor Logistica Florestal | E8: (14) 99719-3303 | F8: 373105 | G8: MARIO FRAIZ COELHO MAIA DE ANDRADE | H8: 11213 | I8: SUP LOGISTICA FLORESTAL | J8: 20013587 | K8: 44291 | M8: Agudos | N8: Sim | O8: A54 | P8: MARIO FRAIZ COELHO MAIA DE ANDRADE | Q8: MOD.05 | R8: 371175 - CARREG PROP MOD 5 | S8: THIAGO MARIA PROENCA ALMEIDA
A9: 37006559 | B9: ANTONIO JOSE FERNANDES | C9: MOD.04 | D9: TECN OPERACOES FLORESTAIS II | E9: (14) 99854-2810 | F9: 373105 | G9: MARCIO APARECIDO CAVALHEIRO | H9: 4021 | I9: TEC OPERACOES FLORESTAL II | J9: 20018135 | K9: 44473 | M9: Bauru | N9: Sim | O9: A54 | P9: MARIO FRAIZ COELHO MAIA DE ANDRADE | Q9: MOD.06 | R9: 371176 - CARREG PROP MOD 6 | S9: CASSIO THOMAS DA SILVEIRA
A10: 37008812 | B10: CAIO DE OLIVEIRA SILVA | C10: MOD.NOTURNO | D10: TECN OPERACOES FLORESTAIS II | E10: (14) 99606-9772 | F10: 373105 | G10: VANDERLEI JOSE HONORIO | H10: 4021 | I10: TEC OPERACOES FLORESTAIS II | J10: 20036622 | K10: 44777 | M10: Itapeva | N10: Sim | O10: A54 | P10: MARIO FRAIZ COELHO MAIA DE ANDRADE | Q10: MOD.07 | R10: 371177 - CARREG PROP MOD 7 | S10: CASSIO THOMAS DA SILVEIRA
A11: 37006317 | B11: EDENILSON ADEMIR PEREIRA | C11: MOD.NOTURNO | D11: TECN OPERACOES FLORESTAIS II | E11: (14)99802-0381 | F11: JHON FELIPE SENOSKI | G11: VANDERLEI JOSE HONORIO | J11: 20017044 | K11: 44447 | M11: Botucatu | N11: Não | O11: Não possui | P11: MARIO FRAIZ COELHO MAIA DE ANDRADE | Q11: MOD.08 | R11: 371178 - CARREG PROP MOD 8 | S11: THIAGO MARIA PROENCA ALMEIDA
A12: 37014499 | B12: Eder Bernardes da Silva | C12: MOD.NOTURNO | D12: TECN OPERACOES FLORESTAIS II | E12: (14)99649-5576 | G12: VANDERLEI JOSE HONORIO | J12: 20059011 | K12: 45181 | M12: Bauru | N12: Não | O12: Não possui | P12: MARIO FRAIZ COELHO MAIA DE ANDRADE | R12: 373105 - COORD CARREGAMENTO
A13: 37015179 | B13: Edson Caldeira Barbosa | C13: MOD.NOTURNO | D13: TECN OPERACOES FLORESTAIS II | E13: (14) 99837-3443 | F13: 373105 | G13: VANDERLEI JOSE HONORIO | H13: 4021 | J13: 20061495 | K13: 45237 | M13: Bauru | N13: Não | O13: Não possui
A14: 37013006 | B14: Elias Paulo da Silva | C14: MOD.09 | D14: TECN OPERACOES FLORESTAIS II | E14: (67) 96759876 | F14: 373105 | G14: Angelo Antonio Martins Taparo | H14: 4021 | I14: TEC OPERACOES FLORESTAIS II | J14: 20052425 | K14: 45083 | M14: Campo Grande | N14: Sim | O14: A54
A15: 37020934 | B15: Emerson Luiz Barbosa de Lima | C15: MOD.NOTURNO | D15: TECN OPERACOES FLORESTAIS II | E15: (14) 99823-8111 | F15: 373105 | G15: VANDERLEI JOSE HONORIO | H15: 4021 | J15: 20085371 | K15: 45706 | M15: Marília | N15: Não | O15: Não possui
A16: 37005964 | B16: EVERTON GEREMIAS LUCHINI | C16: MOD.05 | D16: TECN OPERACOES FLORESTAIS II | E16: (14) 99883-0130 | F16: 373105 | G16: THIAGO MARIA PROENCA ALMEIDA | H16: 4021 | I16: TEC OPERACOES FLORESTAIS II | J16: 20016767 | K16: 44382 | M16: Agudos | N16: Sim | O16: A54
A17: 37010940 | B17: FRANK CEL DE SOUZA LIRA | C17: MOD.09 | D17: TECN OPERACOES FLORESTAIS II | E17: (67) 9681-4609 | F17: 373105 | G17: Angelo Antonio Martins Taparo | H17: 4021 | I17: TEC OPERACOES FLORESTAIS II | J17: 20041612 | K17: 44949 | M17: Campo Grande | N17: Sim | O17: A32
A18: 37005769 | B18: GUILHERME AFONSO MASSAGLI | C18: MOD.03 | D18: TECN OPERACOES FLORESTAIS II | E18: (14) 99864-0475 | F18: 373105 | G18: JHON FELIPE SENOSKI | H18: 4021 | I18: TEC OPERACOES FLORESTAL II | J18: 20016042 | K18: 44348 | M18: Itatinga | N18: Sim | O18: A32
A19: 37019476 | B19: Itamar Magela Severiano | C19: MOD.11 | D19: TECN OPERACOES FLORESTAIS II | E19: (14) 99609-0499 | F19: 373105 | G19: GILLIARD LEPINSCK | H19: 4021 | I19: TEC OPERACOES FLORESTAIS II - carregamento | J19: 20078661 | K19: 45573 | M19: Curvelo | N19: Sim | O19: A32
A20: 37021084 | B20: Jakson Rodrigo Ribeiro Leite | C20: MOD.11 | D20: TECN OPERACOES FLORESTAIS II | E20: (14) 99825-8819 | F20: 373105 | G20: GILLIARD LEPINSCK | H20: 4021 | J20: 20086575 | K20: 45727 | M20: João Pinheiro | N20: Sim | O20: A54
A21: 37008647 | B21: Jefferson Barbosa Prestes de Oliveira | C21: MOD.06 | D21: TECN OPERACOES FLORESTAIS II | E21: (14) 99701-3196 | F21: 373105 | G21: CASSIO THOMAS DA SILVEIRA | H21: 4021 | I21: TEC OPERACOES FLORESTAL II | J21: 20028414 | K21: 44760 | M21: Lins | N21: Sim | O21: A54
A22: 37010474 | B22: JORGE LUIS FERNANDES | C22: MOD.NOTURNO | D22: TECN OPERACOES FLORESTAIS II | E22: (14) 99631-4076 | F22: 373105 | G22: VANDERLEI JOSE HONORIO | H22: 4021 | I22: TEC OPERACOES FLORESTAIS II | J22: 20040207 | K22: 44914 | M22: Agudos | N22: Sim | O22: A54
A23: 37006674 | B23: JOSE DONIZETTE LUIZ | C23: MOD.01 | D23: TECN OPERACOES FLORESTAIS II | E23: (14) 99898-4562 | F23: 373105 | G23: MARCIO APARECIDO CAVALHEIRO | H23: 4021 | I23: TEC OPERACOES FLORESTAIS III | J23: 20019979 | K23: 44503 | M23: Lençóis Paulista | N23: Sim | O23: Moto12
A24: 37001183 | B24: JULIO CRISTINO MORENO | C24: MOD.NOTURNO | D24: TECN OPERACOES FLORESTAIS II | E24: (14) 99707-5435 | F24: 373105 | G24: VANDERLEI JOSE HONORIO | H24: 4021 | I24: TEC OPERACOES FLORESTAIS II | J24: 20009437 | K24: 41386 | M24: Lençóis Paulista | N24: Sim | O24: A32
A25: 37009320 | B25: LAERCIO DOS SANTOS CAMARGO | C25: MOD.NOTURNO | D25: TECN OPERACOES FLORESTAIS II | E25: (15) 99708-7870 | F25: 373105 | G25: VANDERLEI JOSE HONORIO | H25: 4021 | I25: TEC OPERACOES FLORESTAL II | J25: 20032608 | K25: 44809 | M25: Capão Bonito | N25: Não | O25: Perdeu o corporativo
A26: 37005933 | B26: MARCIANO BATISTA FERREIRA | C26: MOD.06/MOD.07 | D26: TECN OPERACOES FLORESTAIS II | E26: (14) 99652-4282 | F26: 373105 | G26: CASSIO THOMAS DA SILVEIRA | H26: 4021 | I26: TEC OPERACOES FLORESTAIS II | J26: 20016748 | K26: 44382 | M26: Bauru | N26: Sim | O26: A54
A27: 37015225 | B27: MARCIO RODRIGUES | C27: MOD.02/03 | D27: TECN OPERACOES FLORESTAIS II | E27: (14) 996673610 | F27: 373105 | G27: JHON FELIPE SENOSKI | H27: 4021 | I27: TEC OPERACOES FLORESTAIS II | J27: 20061883 | K27: 45237 | M27: Capão Bonito | N27: Sim | O27: A51
A28: 37006336 | B28: Mauricio Fernandes Teixeira | C28: MOD.NOTURNO | D28: TECN OPERACOES FLORESTAIS II | E28: (14)99860-7877 | G28: VANDERLEI JOSE HONORIO | K28: 44447 | M28: Lins | N28: Não | O28: Não possui
A29: 37020294 | B29: Rafael Depetris Macedo | C29: MOD.05/08 | D29: TECN OPERACOES FLORESTAIS II | E29: (41) 8873-0657 | F29: 373105 | G29: THIAGO MARIA PROENCA ALMEIDA | H29: 4021 | I29: TEC OPERACOES FLORESTAIS II | J29: 20083253 | K29: 45636 | M29: Bauru | N29: Não | O29: Não possui
A30: 37011935 | B30: RAFAEL HENRIQUE DE LIMA | C30: MOD.11 | D30: TECN OPERACOES FLORESTAIS II | E30: (14) 99884-3590 | F30: 373105 | G30: GILLIARD LEPINSCK | H30: 4021 | I30: TEC OPERACOES FLORESTAIS II - carregamento | J30: 20046764 | K30: 45019 | M30: João Pinheiro | N30: Sim | O30: A54
B31: Adriano Sanabria Flores Monte Serrat | C31: MOD.09 | D31: Supervisor Logistica Florestal | E31: (67) 99857-6011 | F31: 373105 | G31: Angelo Antonio Martins Taparo | H31: 11213 | I31: SUP TRANSPORTES | J31: 20018176 | K31: 44816 | L31: verificar data | N31: - | O31: -
B32: EZEQUIEL MERCADANTE | C32: MOD.NOTURNO | D32: TECN OPERACOES FLORESTAIS II | E32: (14) 99697-3304 | F32: 373105 | G32: VANDERLEI JOSE HONORIO | H32: 4021 | I32: TEC OPERACOES FLORESTAL II | J32: 20064721 | K32: 45706 | L32: 45719 | N32: - | O32: -
B33: NERITON PETESOL DOS SANTOS | C33: MOD.07 | D33: TECN OPERACOES FLORESTAIS II | E33: (14) 99850-9970 | F33: 373105 | G33: CASSIO THOMAS DA SILVEIRA | H33: 4021 | J33: 20032967 | K33: 45111 | L33: 45541 | N33: - | O33: -
B34: JULYGLEIBER BARBOSA SOUTO | C34: MOD.11 | D34: TECN OPERACOES FLORESTAIS II | F34: 373105 | G34: GILLIARD LEPINSCK | H34: 4021 | J34: 20069979 | K34: 44291 | L34: 45504 | N34: - | O34: -
B35: KELVIN CORDEIRO DE LIMA | C35: MOD.11 | D35: TECN OPERACOES FLORESTAIS II | F35: 373105 | G35: GILLIARD LEPINSCK | H35: 4021 | J35: 20062772 | K35: 40763 | L35: 45548 | N35: - | O35: -
B36: Denilson Paulo Amaral | C36: MOD.11 | D36: TECN OPERACOES FLORESTAIS II | E36: (31) 99743-8855 | F36: 373105 | G36: GILLIARD LEPINSCK | H36: 4021 | I36: TEC OPERACOES FLORESTAIS II - carregamento | J36: 20065472 | K36: 44333 | L36: 45692 | N36: - | O36: -
A37: 37015337 | B37: Samuel De Souza Duarte | C37: MOD.07 | D37: TECN OPERACOES FLORESTAIS II | E37: (14) 99850-9970 | F37: 373105 | G37: CASSIO THOMAS DA SILVEIRA | H37: 4021 | I37: ASSIST OP CARREGAMENTO GRUA | J37: 20062321 | K37: 45251 | M37: Marília | N37: Sim | O37: A54
B38: Matheus Pimentel Santos | C38: MOD.11 | D38: TECN OPERACOES FLORESTAIS II - estradas | F38: 373110 | G38: GILLIARD LEPINSCK | H38: 4021 | I38: TEC OPERACOES FLORESTAIS II - estradas | J38: 20080109 | K38: 45580 | L38: 45652 | N38: - | O38: -
A39: 37000921 | B39: VITOR HUGO DOS SANTOS | C39: MOD.01/04 | D39: TECN OPERACOES FLORESTAIS II | E39: (14) 99834-9289 | F39: 373105 | G39: MARCIO APARECIDO CAVALHEIRO | H39: 4021 | I39: TEC OPERACOES FLORESTAIS II | J39: 20010019 | K39: 40763 | M39: Lençóis Paulista | N39: Sim | O39: MOTOG30
A40: 37005690 | B40: WANDERLEY RODRIGUES DA SILVA | C40: MOD.02 | D40: TECN OPERACOES FLORESTAIS II | E40: (14) 99614-4396 | F40: 373105 | G40: JHON FELIPE SENOSKI | H40: 4021 | I40: TEC OPERACOES FLORESTAL II | J40: 20014475 | K40: 44333 | M40: Capão Bonito | N40: Sim | O40: MOTOG30
A41: 37012197 | B41: WANDERLEY RODRIGUES DA SILVA JUNIOR | C41: MOD.08 | D41: TECN OPERACOES FLORESTAIS II | E41: (14) 99697-3304 | F41: 373105 | G41: THIAGO MARIA PROENCA ALMEIDA | H41: 4021 | I41: TEC OPERACOES FLORESTAIS II | J41: 20048548 | K41: 45034 | M41: Capão Bonito | N41: Sim | O41: A54
A42: 37009387 | B42: Marcio Nogueira Dos Santos | C42: MOD.09 | D42: TECN OPERACOES FLORESTAIS II - estradas | E42: (67) 9818-2935 | G42: Angelo Antonio Martins Taparo | H42: 4021 | I42: TEC OPERACOES FLORESTAL II | J42: 20033693 | K42: 44816 | M42: Estradas | N42: - | O42: -
A43: 37020896 | B43: Heitor Lucas Da Silva Brito | C43: MOD.11 | D43: TECN OPERACOES FLORESTAIS II - estradas | F43: 373110 | G43: GILLIARD LEPINSCK | H43: 4021 | J43: 20085314 | K43: 45706 | M43: Estradas | N43: - | O43: -
A44: 37003203 | B44: RICARDO MONZANI | C44: MOD.10 | D44: TECN OPERACOES FLORESTAIS III | E44: (14) 99839-2618 | F44: 373105 | G44: MARCIO APARECIDO CAVALHEIRO | H44: 4022 | I44: TEC OPERACOES FLORESTAL III | J44: 20009839 | K44: 43605 | M44: Lençóis Paulista | N44: Sim | O44: A32
B45: REGINALDO APARECIDO VAZ | D45: TECN OPERACOES FLORESTAIS III | K45: 45809

Sheet APOIO_TRANSPORTE
A1: MATRÍCULA | B1: COLABORADOR | C1: MÓDULO | D1: CARGO | E1: DATA ADMISSÃO | F1: GESTOR IMEDIATO | G1: ID COLABORADOR | H1: CARGO Workday | I1: Centro de Custo | J1: OBS PRÊMIO MAIO | K1: DESLIGAMENTO | L1: Cidade Origem | M1: Prêmio novembro | N1: RH/WD | O1: TREINAMENTO | R1: GESTOR | S1: MODULO | T1: CENTRO DE CUSTO | U1: SUPERVISOR
A2: 37016887 | B2: ADILSON JOSE DIAS DOS SANTOS | C2: MOD.03 | D2: OPERADOR DE ESTRADAS III | E2: 45363 | F2: JHON FELIPE SENOSKI | G2: 20065483 | I2: 373114 | J2: Premio maio - ok | L2: Areiopolis | M2: ok | N2: ok | R2: MARIO FRAIZ COELHO MAIA DE ANDRADE | T2: 371145 - CARREG TERC CEL
B3: PEDRO AUGUSTO PINI | C3: MOD.01 | D3: OPERADOR DE ESTRADAS III | E3: 45461 | F3: MARCIO APARECIDO CAVALHEIRO | G3: 20072331 | H3: =VLOOKUP(Apoio_Transp[[#This Row],[MATRÍCULA]],[2]!Tabela1[[#All],[ID SAP]:[NOMENCLATURA DA POSIÇÃO]],6,0) -> #REF! | I3: 373116 | K3: 45522 | R3: MARIO FRAIZ COELHO MAIA DE ANDRADE | T3: 371150 - CARREG TERC ENE
A4: 37018023 | B4: DANIEL MIRANDA | C4: MOD.02 | D4: MOTORISTA II | E4: 45454 | F4: JHON FELIPE SENOSKI | G4: 20071382 | I4: 373114 | J4: Premio maio - ok | L4: itapeva | M4: ok | N4: ok
A5: 37018978 | B5: ADEILTON MARCOS DE SOUSA | C5: MOD.04 | D5: MOTORISTA II | E5: 45538 | F5: MARCIO APARECIDO CAVALHEIRO | G5: 20076197 | I5: 373114 | J5: Premio maio - ok | L5: agudos | M5: ok | N5: Thiago abrir o desligamento dele no Worday | R5: MARIO FRAIZ COELHO MAIA DE ANDRADE | S5: MOD.01 | T5: 371171 - CARREG PROP MOD 1 | U5: MARCIO APARECIDO CAVALHEIRO
A6: 37016809 | B6: ALAN DA CRUZ GONCALVES | C6: MOD.04 | D6: OPERADOR DE ESTRADAS III | E6: 45356 | F6: MARCIO APARECIDO CAVALHEIRO | G6: 20065308 | I6: 373114 | J6: Premio maio - ok | L6: agudos | M6: ok | N6: ok | R6: MARIO FRAIZ COELHO MAIA DE ANDRADE | S6: MOD.03 | T6: 371173 - CARREG PROP MOD 3 | U6: JHON FELIPE SENOSKI
A7: 37017571 | B7: ANTONIO MARCIO AGUILERA | C7: MOD.01 | D7: MOTORISTA II | E7: 45426 | F7: MARCIO APARECIDO CAVALHEIRO | G7: 20069950 | I7: 373114 | J7: Premio maio - ok | L7: Lençois Paulista | M7: ok - apoiando M4 | N7: ok | R7: MARIO FRAIZ COELHO MAIA DE ANDRADE | S7: MOD.04 | T7: 371174 - CARREG PROP MOD 4 | U7: MARCIO APARECIDO CAVALHEIRO
A8: 37016808 | B8: DANIEL RODRIGUES FOGACA | C8: MOD.02 | D8: MOTORISTA II | E8: 45356 | F8: JHON FELIPE SENOSKI | G8: 20065307 | I8: 373114 | J8: Premio maio - ok | L8: itapeva | M8: ok | N8: CC Operadores Estradas próprio dar downgrade nas vagas que temos (7vagas) | R8: MARIO FRAIZ COELHO MAIA DE ANDRADE | S8: MOD.05 | T8: 371175 - CARREG PROP MOD 5 | U8: THIAGO MARIA PROENCA ALMEIDA
B9: ALEX CRISTIANO MENDES | C9: MOD.02 | D9: MOTORISTA II | E9: 45356 | F9: JHON FELIPE SENOSKI | H9: =VLOOKUP(Apoio_Transp[[#This Row],[MATRÍCULA]],[2]!Tabela1[[#All],[ID SAP]:[NOMENCLATURA DA POSIÇÃO]],6,0) -> #REF! | I9: 373116 | K9: 45534 | N9: verifcar urgente (esta em vaga de motorista), downgrade de III para II | R9: MARIO FRAIZ COELHO MAIA DE ANDRADE | S9: MOD.06 | T9: 371176 - CARREG PROP MOD 6 | U9: CASSIO THOMAS DA SILVEIRA
A10: 37013693 | B10: Deoclecio Antonio Ribeiro | C10: MOD.03 | D10: OPERADOR DE ESTRADAS III | E10: 45139 | F10: JHON FELIPE SENOSKI | G10: 20056256 | I10: 373114 | J10: Premio maio - ok | L10: Itatinga | M10: ok | N10: ok | R10: MARIO FRAIZ COELHO MAIA DE ANDRADE | S10: MOD.07 | T10: 371177 - CARREG PROP MOD 7 | U10: CASSIO THOMAS DA SILVEIRA
B11: JOSE ROBERTO DE OLIVEIRA II | C11: MOD.02 | D11: MOTORISTA II | F11: JHON FELIPE SENOSKI | H11: =VLOOKUP(Apoio_Transp[[#This Row],[MATRÍCULA]],[2]!Tabela1[[#All],[ID SAP]:[NOMENCLATURA DA POSIÇÃO]],6,0) -> #REF! | K11: 45369 | N11: ok | R11: MARIO FRAIZ COELHO MAIA DE ANDRADE | S11: MOD.08 | T11: 371178 - CARREG PROP MOD 8 | U11: THIAGO MARIA PROENCA ALMEIDA
A12: 37017119 | B12: DIEGO ALENCAR FERREIRA | C12: MOD.03 | D12: OPERADOR DE ESTRADAS III | E12: 45384 | F12: JHON FELIPE SENOSKI | G12: 20067433 | H12: =VLOOKUP(Apoio_Transp[[#This Row],[MATRÍCULA]],[2]!Tabela1[[#All],[ID SAP]:[NOMENCLATURA DA POSIÇÃO]],6,0) -> #REF! | I12: 373114 | K12: 45734 | L12: Itatinga | M12: ok | N12: ok | R12: MARIO FRAIZ COELHO MAIA DE ANDRADE | T12: 373105 - COORD CARREGAMENTO
A13: 37013054 | B13: FERNANDO ALVES DE OLIVEIRA | C13: MOD.02 | D13: OPERADOR DE ESTRADAS III | E13: 45097 | F13: JHON FELIPE SENOSKI | G13: 20052406 | I13: 373114 | J13: Premio maio - ok | L13: itapeva | M13: ok | N13: ok
A14: 37016936 | B14: EDSON JOSE DE SOUZA | C14: MOD.04 | D14: MOTORISTA I | E14: 45370 | F14: MARCIO APARECIDO CAVALHEIRO | G14: 20065887 | I14: 373114 | J14: Premio maio - ok | L14: agudos | M14: ok | N14: ok
B15: DANILO TEIXEIRA DO LIVRAMENTO | C15: MOD.05 | D15: MOTORISTA II | E15: 45370 | F15: THIAGO MARIA PROENCA ALMEIDA | H15: =VLOOKUP(Apoio_Transp[[#This Row],[MATRÍCULA]],[2]!Tabela1[[#All],[ID SAP]:[NOMENCLATURA DA POSIÇÃO]],6,0) -> #REF! | K15: 45477 | N15: É nosso mas adequar no CC 373116
A16: 37016767 | B16: JESUS NAZARENO DE MOURA | C16: MOD.02 | D16: OPERADOR DE ESTRADAS III | E16: 45356 | F16: JHON FELIPE SENOSKI | G16: 20065261 | I16: 373114 | J16: Premio maio - ok | L16: itapeva | M16: ok | N16: ok
A17: 37016873 | B17: JOAO VICTOR MAMUD FRANCO CALACO | C17: MOD.03 | D17: OPERADOR DE ESTRADAS III | E17: 45363 | F17: JHON FELIPE SENOSKI | G17: 20065469 | I17: 373114 | J17: Premio maio - ok | L17: Itatinga | M17: ok | N17: ok
A18: 37016812 | B18: JULIANO HELIO DA SILVA | C18: MOD.02 | D18: OPERADOR DE ESTRADAS III | E18: 45356 | F18: JHON FELIPE SENOSKI | G18: 20065311 | I18: 373114 | J18: Premio maio - ok | L18: itapeva | M18: ok | N18: ok
A19: 37016671 | B19: LAUDELINO RIBAS DE OLIVEIRA MATOS | C19: MOD.02 | D19: OPERADOR DE ESTRADAS III | E19: 45342 | F19: JHON FELIPE SENOSKI | G19: 20064772 | I19: 373114 | J19: Premio maio - ok | L19: itapeva | M19: ok | N19: ok
A20: 37018016 | B20: JOSE ADALBERTO BISPO | C20: MOD.01 | D20: MOTORISTA II | E20: 45447 | F20: MARCIO APARECIDO CAVALHEIRO | G20: 20071375 | I20: 373114 | J20: Premio maio - ok | L20: Lençois Paulista | M20: Estradas | N20: ok
A21: 37017036 | B21: EDERVANDSON BRITO FERREIRA | C21: MOD.08 | D21: OPERADOR DE ESTRADAS II | E21: 45384 | F21: THIAGO MARIA PROENCA ALMEIDA | G21: 20066635 | I21: 373114 | J21: Premio maio - ok | L21: Bauru | M21: Não receberá | O21: FEITO
A22: 37017084 | B22: EDSON EDVALDO CAMILLO | C22: MOD.08 | D22: OPERADOR DE ESTRADAS II | E22: 45384 | F22: THIAGO MARIA PROENCA ALMEIDA | G22: 20067078 | I22: 373114 | J22: Premio maio - ok | L22: Bauru | M22: Não receberá
A23: 37016917 | B23: Edson Martins | C23: MOD.05 | D23: MOTORISTA II | E23: 45370 | F23: THIAGO MARIA PROENCA ALMEIDA | G23: 20065867 | H23: =VLOOKUP(Apoio_Transp[[#This Row],[MATRÍCULA]],[2]!Tabela1[[#All],[ID SAP]:[NOMENCLATURA DA POSIÇÃO]],6,0) -> #REF! | I23: 373114 | K23: 45729 | L23: Bauru | M23: ok | N23: verifcar urgente (esta em vaga de motorista), passar para vaga aberta de III
A24: 37016864 | B24: MARCOS ROBERTO DE REZENDE | C24: MOD.03 | D24: MOTORISTA II | E24: 45363 | F24: JHON FELIPE SENOSKI | G24: 20065443 | I24: 373114 | J24: Premio maio - ok | L24: Itatinga | M24: ok | N24: ok
B25: Andre Jacinto | C25: MOD.04 | D25: MOTORISTA I | E25: 45370 | F25: MARCIO APARECIDO CAVALHEIRO | H25: =VLOOKUP(Apoio_Transp[[#This Row],[MATRÍCULA]],[2]!Tabela1[[#All],[ID SAP]:[NOMENCLATURA DA POSIÇÃO]],6,0) -> #REF! | K25: 45490 | N25: ok
B26: ALMIR RODRIGUES ALMEIDA | C26: MOD.04 | D26: OPERADOR DE ESTRADAS III | E26: 45356 | F26: MARCIO APARECIDO CAVALHEIRO | G26: 20065257 | H26: =VLOOKUP(Apoio_Transp[[#This Row],[MATRÍCULA]],[2]!Tabela1[[#All],[ID SAP]:[NOMENCLATURA DA POSIÇÃO]],6,0) -> #REF! | I26: 373116 | K26: 45534 | N26: É nosso mas adequar no CC 373116
B27: ELIAS CASTRO DA SILVA | C27: MOD.05 | D27: MOTORISTA II | E27: 45398 | F27: THIAGO MARIA PROENCA ALMEIDA | H27: =VLOOKUP(Apoio_Transp[[#This Row],[MATRÍCULA]],[2]!Tabela1[[#All],[ID SAP]:[NOMENCLATURA DA POSIÇÃO]],6,0) -> #REF! | I27: 373116 | K27: 45463 | N27: verifcar urgente (esta em vaga de motorista), passar para vaga aberta de III
A28: 37017042 | B28: FABIANO VIEIRA | C28: MOD.05 | D28: MOTORISTA II | E28: 45384 | F28: THIAGO MARIA PROENCA ALMEIDA | G28: 20066642 | I28: 373114 | J28: Premio maio - ok | L28: Bauru | M28: ok | N28: ok | O28: FEITO
A29: 37021547 | B29: JEFFERSON CARDOSO DE PAULA | C29: MOD.08 | D29: MOTORISTA II | E29: 45755 | F29: THIAGO MARIA PROENCA ALMEIDA | G29: 20089413 | I29: 373114 | J29: pagar proporcional
A30: 37017104 | B30: JESUS FERNANDO FERREIRA DE OLIVEIRA | C30: MOD.05 | D30: OPERADOR DE ESTRADAS III | E30: 45384 | F30: THIAGO MARIA PROENCA ALMEIDA | G30: 20067418 | I30: 373114 | J30: Premio maio - ok | L30: Bauru | M30: ok | N30: ok
A31: 37017097 | B31: JOAO KLEBER ANTONIO LOPES | C31: MOD.05 | D31: OPERADOR DE ESTRADAS II | E31: 45384 | F31: THIAGO MARIA PROENCA ALMEIDA | G31: 20067411 | I31: 373114 | J31: Premio maio - ok | L31: Bauru | M31: ok
A32: 37016772 | B32: JOSE NIVALDO DE OLIVEIRA | C32: MOD.05 | D32: OPERADOR DE ESTRADAS III | E32: 45356 | F32: THIAGO MARIA PROENCA ALMEIDA | G32: 20060083 | I32: 373114 | J32: Premio maio - ok | L32: Bauru | M32: ok | N32: ok
A33: 37016869 | B33: RODRIGO ALVES DE MELLO | C33: MOD.03 | D33: MOTORISTA II | E33: 45363 | F33: JHON FELIPE SENOSKI | G33: 20065465 | I33: 373114 | J33: Premio maio - ok | L33: Itatinga | M33: ok | N33: ok
A34: 37016956 | B34: LEONARDO DE MELO ARF | C34: MOD.05 | D34: OPERADOR DE ESTRADAS III | E34: 45370 | F34: THIAGO MARIA PROENCA ALMEIDA | G34: 20065907 | I34: 373114 | J34: Premio maio - ok | L34: Bauru | M34: ok | N34: ok | O34: FALTOU
A35: 37021417 | B35: MARCELO MACHADO MARTINS DE SOUZA | C35: MOD.05 | D35: MOTORISTA II | E35: 45748 | F35: THIAGO MARIA PROENCA ALMEIDA | G35: 20088837 | I35: 373114 | J35: pagar proporcional
A36: 37020099 | B36: Luciano Antonio Fiques | C36: MOD.04 | D36: OPERADOR DE ESTRADAS III | E36: 45629 | F36: MARCIO APARECIDO CAVALHEIRO | G36: 20062977 | I36: 373114 | J36: Premio maio - ok
A37: 37017990 | B37: MARCIO VICENTE MENDES | C37: MOD.01 | D37: OPERADOR DE ESTRADAS III | E37: 45447 | F37: MARCIO APARECIDO CAVALHEIRO | G37: 20071349 | I37: 373114 | J37: Premio maio - ok | L37: Lençois Paulista | M37: ok - apoiando M4 | N37: ok
A38: 37020198 | B38: Maurício Fernandes de Oliveira | C38: MOD.01 | D38: OPERADOR DE ESTRADAS III | E38: 45629 | F38: MARCIO APARECIDO CAVALHEIRO | G38: 20083048 | I38: 373114 | J38: Premio maio - ok
A39: 37014355 | B39: REGINALDO APARECIDO VAZ | C39: MOD.01 | D39: OPERADOR DE ESTRADAS III | E39: 45174 | F39: MARCIO APARECIDO CAVALHEIRO | G39: 20058490 | I39: 373114 | J39: Premio maio - ok | L39: Lençois Paulista | M39: ok - apoiando M4 | N39: É nosso mas adequar no CC 373116
A40: 37013705 | B40: ROBERTO OLIVEIRA SANTOS | C40: MOD.04 | D40: OPERADOR DE ESTRADAS III | E40: 45139 | F40: MARCIO APARECIDO CAVALHEIRO | G40: 20056287 | I40: 373114 | J40: Premio maio - ok | L40: agudos | M40: ok | N40: ok
A41: 37018148 | B41: CARLOS ALEX DE GODOI PAINO | C41: MOD.07 | D41: MOTORISTA I | E41: 45461 | F41: CASSIO THOMAS DA SILVEIRA | G41: 20072296 | I41: 373114 | J41: Premio maio - ok | L41: MARÍLIA | M41: ok | N41: ok
A42: 37017985 | B42: MARCOS VINICIUS SOARES DA SILVA | C42: MOD.08 | D42: OPERADOR DE ESTRADAS III | E42: 45447 | F42: THIAGO MARIA PROENCA ALMEIDA | G42: 20056390 | I42: 373114 | J42: Premio maio - ok | L42: Bauru | M42: ok | N42: verifcar urgente temos uma vaga aberta de operador I (devolver a vaga) | O42: FEITO
A43: 37014643 | B43: RODRIGO ANTONIO DE SOUSA | C43: MOD.04 | D43: OPERADOR DE ESTRADAS I | E43: 45188 | F43: MARCIO APARECIDO CAVALHEIRO | G43: 20059382 | I43: 373114 | J43: Premio maio - ok | L43: agudos | M43: ok | N43: Pedir downgrad de operador II para I
A44: 37019592 | B44: Sandro Renato Moreira | C44: MOD.02 | D44: MOTORISTA II | E44: 45580 | F44: JHON FELIPE SENOSKI | G44: 20079974 | I44: 373114 | J44: Premio maio - ok | L44: Itapeva | M44: ok
A45: 37018282 | B45: Carlos Rodrigues De Oliveira Souza | C45: MOD.06 | D45: OPERADOR DE ESTRADAS III | E45: 45475 | F45: CASSIO THOMAS DA SILVEIRA | G45: 20072833 | I45: 373114 | J45: Premio maio - ok | L45: LINS | M45: ok | N45: ok | O45: FEITO
A46: 37017957 | B46: Cleberson Roberto Peres Lopes | C46: MOD.06 | D46: =VLOOKUP(Apoio_Transp[[#This Row],[COLABORADOR]],[1]ATIVOS!$B$4:$J$216,4,) -> OPERADOR DE ESTRADAS III | E46: 45447 | F46: CASSIO THOMAS DA SILVEIRA | G46: 20071225 | I46: 373114 | J46: Premio maio - ok | L46: GUARANTÃ | M46: ok | N46: ok
B47: PAULO HENRIQUE DE LIMA VIEIRA | C47: MOD.07 | D47: OPERADOR DE ESTRADAS III | E47: 45461 | F47: CASSIO THOMAS DA SILVEIRA | G47: 20072298 | H47: =VLOOKUP(Apoio_Transp[[#This Row],[MATRÍCULA]],[2]!Tabela1[[#All],[ID SAP]:[NOMENCLATURA DA POSIÇÃO]],6,0) -> #REF! | I47: 373116 | K47: 45573 | L47: GUARANTÃ | M47: Não pagar/saiu da empresa | N47: ok
A48: 37018408 | B48: CRISTIANO SILVA | C48: MOD.06 | D48: MOTORISTA II | E48: 45483 | F48: CASSIO THOMAS DA SILVEIRA | G48: 20073600 | I48: 373114 | J48: Premio maio - ok | L48: LINS | M48: ok | N48: ok
A49: 37020620 | B49: DANIEL FAUSTINO CAMPOS | C49: MOD.06 | D49: OPERADOR DE ESTRADAS II | E49: 45678 | F49: CASSIO THOMAS DA SILVEIRA | G49: 20084374 | I49: 373114 | J49: Premio maio - ok
A50: 37019064 | B50: DOUGLAS OLIVEIRA DOS SANTOS | C50: MOD.07 | D50: MOTORISTA II | E50: 45538 | F50: CASSIO THOMAS DA SILVEIRA | G50: 20076917 | I50: 373114 | J50: Premio maio - ok | L50: PRESIDENTE ALVES | M50: ok | N50: ok | O50: FEITO
A51: 37017525 | B51: SANTOS GLAUCIO DA SILVA | C51: MOD.01 | D51: OPERADOR DE ESTRADAS III | E51: 45419 | F51: MARCIO APARECIDO CAVALHEIRO | G51: 20069674 | I51: 373114 | J51: Premio maio - ok | L51: Lençois Paulista | M51: Estradas | N51: ok
A52: 37018146 | B52: FABIO DIAS CARLOS | C52: MOD.06 | D52: MOTORISTA II | E52: 45461 | F52: CASSIO THOMAS DA SILVEIRA | G52: 20072294 | I52: 373114 | J52: Premio maio - ok | L52: LINS | M52: ok | N52: ok
A53: 37017272 | B53: Silvio Roberto dos Santos | C53: MOD.03 | D53: MOTORISTA II | E53: 45398 | F53: JHON FELIPE SENOSKI | G53: 20068585 | I53: 373114 | J53: Premio maio - ok | L53: Itatinga | M53: ok
A54: 37017497 | B54: Tiago Batista De Souza | C54: MOD.04 | D54: MOTORISTA II | E54: 45419 | F54: MARCIO APARECIDO CAVALHEIRO | G54: 20069641 | I54: 373114 | J54: Premio maio - ok | L54: agudos | M54: ok | N54: ok
A55: 37018099 | B55: VICENTE ELIAS FELICIANO | C55: MOD.01 | D55: MOTORISTA II | E55: 45454 | F55: MARCIO APARECIDO CAVALHEIRO | G55: 20071778 | I55: 373114 | J55: Premio maio - ok | L55: Lençois Paulista | M55: ok - apoiando M4 | N55: ok, alocar na nossa vaga em aberto
B56: JOSE HERMANO DO CARMO | C56: MOD.07 | D56: OPERADOR DE ESTRADAS II | E56: =VLOOKUP(Apoio_Transp[[#This Row],[COLABORADOR]],[3]ATIVOS!$A:$D,4,FALSE) -> 45545 | F56: CASSIO THOMAS DA SILVEIRA | G56: 20076937 | H56: =VLOOKUP(Apoio_Transp[[#This Row],[MATRÍCULA]],[2]!Tabela1[[#All],[ID SAP]:[NOMENCLATURA DA POSIÇÃO]],6,0) -> #REF! | K56: 45695 | L56: JURUTI | M56: ok | N56: ok | O56: FEITO
A57: 37020393 | B57: FABIO DOS SANTOS BONFIM | C57: MOD.07 | D57: OPERADOR DE ESTRADAS III | E57: 45664 | F57: CASSIO THOMAS DA SILVEIRA | G57: 20083834 | I57: 373114 | J57: Premio maio - ok
B58: JOSE MARIANO | C58: MOD.07 | D58: MOTORISTA II | E58: 45461 | F58: CASSIO THOMAS DA SILVEIRA | G58: 20072290 | H58: =VLOOKUP(Apoio_Transp[[#This Row],[MATRÍCULA]],[2]!Tabela1[[#All],[ID SAP]:[NOMENCLATURA DA POSIÇÃO]],6,0) -> #REF! | I58: 373403 cc de pipa verificar | K58: verificar | L58: LINS | M58: ok | N58: ok | O58: FEITO
A59: 37020160 | B59: Gregory Willian Javarotti | C59: MOD.06 | D59: MOTORISTA II | E59: 45629 | F59: CASSIO THOMAS DA SILVEIRA | G59: 20083008 | I59: 373114 | J59: Premio maio - ok
A60: 37020158 | B60: JEFFERSON MARINHO DOURADO | C60: MOD.07 | D60: OPERADOR DE ESTRADAS III | E60: 45629 | F60: CASSIO THOMAS DA SILVEIRA | G60: 20083005 | I60: 373114 | J60: Premio maio - ok
A61: 37021730 | B61: Fernando Jorge da Silva | C61: MOD.ITINERANTE | D61: OPERADOR DE ESTRADAS III | E61: 45762 | F61: Vanderlei Jose Honorio | G61: 20090084 | I61: 373114 | J61: média do modulo e proporcional
A62: 37021085 | B62: Giovani Silva Cardoso | C62: MOD.ITINERANTE | D62: MOTORISTA II | E62: 45727 | F62: Vanderlei Jose Honorio | G62: 20086582 | I62: 373114 | J62: Premio maio - ok
A63: 37020297 | B63: Hailton Cunha Brito | C63: MOD.ITINERANTE | D63: OPERADOR DE ESTRADAS II | E63: 45636 | F63: Vanderlei Jose Honorio | G63: 20083256 | I63: 373114 | J63: Premio maio - ok
A64: 37021048 | B64: Jocelino dos Santos | C64: MOD.ITINERANTE | D64: MOTORISTA II | E64: 45727 | F64: Vanderlei Jose Honorio | G64: 20086483 | I64: 373114 | J64: Premio maio - ok
A65: 37020181 | B65: Julio Cesar De Godoi | C65: MOD.06 | D65: OPERADOR DE ESTRADAS III | E65: 45629 | F65: CASSIO THOMAS DA SILVEIRA | G65: 20083030 | I65: 373114 | J65: Premio maio - ok
A66: 37020281 | B66: Luiz Antonio Cardoso | C66: MOD.ITINERANTE | D66: OPERADOR DE ESTRADAS III | E66: 45636 | F66: Vanderlei Jose Honorio | G66: 20083240 | H66: =VLOOKUP(Apoio_Transp[[#This Row],[MATRÍCULA]],[2]!Tabela1[[#All],[ID SAP]:[NOMENCLATURA DA POSIÇÃO]],6,0) -> #REF! | I66: 373114 | J66: média do modulo e proporcional | K66: 45771
A67: 37020902 | B67: Juliano Dutra | C67: MOD.ITINERANTE | D67: OPERADOR DE ESTRADAS III | E67: 45706 | F67: Vanderlei Jose Honorio | G67: 20085320 | I67: 373114 | J67: Premio maio - ok
A68: 37018341 | B68: PAULO SERGIO MARTINS JUNIOR | C68: MOD.07 | D68: OPERADOR DE ESTRADAS II | E68: 45475 | F68: CASSIO THOMAS DA SILVEIRA | G68: 20073125 | I68: 373114 | J68: Premio maio - ok | L68: GUAIÇARA | M68: ok | N68: É nosso mas adequar no CC 373116 | O68: FEITO
A69: 37013837 | B69: RENATO NUNES LOPES | C69: MOD.07 | D69: OPERADOR DE ESTRADAS II | E69: 45160 | F69: CASSIO THOMAS DA SILVEIRA | G69: 20056794 | I69: 373114 | J69: Premio maio - ok
A70: 37020502 | B70: Lazaro Antonio Rodrigues | C70: MOD.ITINERANTE | D70: MOTORISTA II | E70: 45671 | F70: Vanderlei Jose Honorio | G70: 20084134 | I70: 373114 | J70: Premio maio - ok
A71: 37020764 | B71: Vinicius Cesar Juliana | C71: MOD.07 | D71: MOTORISTA II | E71: 45692 | F71: CASSIO THOMAS DA SILVEIRA | G71: 20085115 | I71: 373114 | J71: Premio maio - ok
A72: 37020694 | B72: Leonardo Junior Braga de Freitas | C72: MOD.ITINERANTE | D72: OPERADOR DE ESTRADAS III | E72: 45692 | F72: Vanderlei Jose Honorio | G72: 20084983 | I72: 373114 | J72: Premio maio - ok
A73: 37005788 | B73: MARCO ANTONIO DE OLIVEIRA SILVA | C73: MOD.03 | D73: OPERADOR DE ESTRADAS III | E73: 44348 | F73: JHON FELIPE SENOSKI | G73: 20016044 | I73: 373114 | J73: Premio maio - ok
A74: 37016985 | B74: OSMAR BERTOLUCCI | C74: MOD.05 | D74: MOTORISTA II | E74: 45370 | F74: THIAGO MARIA PROENCA ALMEIDA | G74: 20065936 | I74: 373114 | J74: Premio maio - ok | L74: Bauru | M74: ok | N74: ok
A75: 37021148 | B75: Marcos Roberto Teodoro de Oliveira | C75: MOD.ITINERANTE | D75: OPERADOR DE ESTRADAS III | E75: 45727 | F75: Vanderlei Jose Honorio | G75: 20087213 | I75: 373114 | J75: Premio maio - ok
A76: 37020100 | B76: Nilton Cesar Moreira Ribeiro | C76: MOD.ITINERANTE | D76: MOTORISTA II | E76: 45629 | F76: Vanderlei Jose Honorio | G76: 20082552 | I76: 373114 | J76: Premio maio - ok
A77: 37020285 | B77: Rafael Machado Reis | C77: MOD.ITINERANTE | D77: OPERADOR DE ESTRADAS III | E77: 45636 | F77: Vanderlei Jose Honorio | G77: 20083244 | I77: 373114 | J77: Premio maio - ok
A78: 37017222 | B78: Paulo Sergio Anzolin | C78: MOD.08 | D78: OPERADOR DE ESTRADAS III | E78: 45398 | F78: THIAGO MARIA PROENCA ALMEIDA | G78: 20052324 | I78: 373114 | J78: Premio maio - ok | L78: Bauru | M78: ok
A79: 37020385 | B79: Vergilio Neves De Souza | C79: MOD.ITINERANTE | D79: MOTORISTA II | E79: 45664 | F79: Vanderlei Jose Honorio | G79: 20083826 | I79: 373114 | J79: Premio maio - ok
A80: 37021871 | B80: Marcos Rogério do Nascimento | C80: MOD.ITINERANTE | D80: MOTORISTA II | E80: 45783 | F80: Vanderlei Jose Honorio | G80: 20091143 | I80: 373114

Sheet ESCOPO-VAGAS
A1: VAGAS JÁ DIRECIONADAS | G1: ESCOPO ASSIST. E OPER. | L1: ESCOPO APOIO
A2: Módulo | B2: Colaborador | C2: Cargo | D2: Gestor | E2: STATUS | G2: Módulo | H2: Assistente | I2: Quantidade | J2: Diferença | L2: Módulo | M2: Motorista | N2: Quantidade | O2: Diferença
A3: 6 | B3: Gregory Willian Javarotti | C3: Motorista II | D3: CASSIO THOMAS DA SILVEIRA | E3: Entrando | G3: 1 | H3: =IF(GETPIVOTDATA("COLABORADOR",DINAMICS1!$A$3,"MÓDULO2","MOD.01","SITUACAO","Assistente Operador Carregamento Grua") >= 'ESCOPO-VAGAS'!$I$22,"Completo","incompleto") -> Completo | I3: =GETPIVOTDATA("COLABORADOR",DINAMICS1!$A$3,"MÓDULO2","MOD.01","SITUACAO","Assistente Operador Carregamento Grua") -> 8 | J3: =I3-$I$22 -> 1 | L3: 1 | M3: =IF(N3>=$N$23,"Completo","Incompleto") -> Completo | N3: =SUM(DINAMICS1!B19:C19) -> 3 | O3: =N3-$N$23 -> 0
A4: 6 | B4: Washington Mariano | C4: OPERADOR DE ESTRADAS III | D4: CASSIO THOMAS DA SILVEIRA | E4: Entrando | G4: 2 | H4: =IF(GETPIVOTDATA("COLABORADOR",DINAMICS1!$A$3,"MÓDULO2","MOD.02","SITUACAO","Assistente Operador Carregamento Grua")>='ESCOPO-VAGAS'!$I$22,"Completo","incompleto") -> Completo | I4: =GETPIVOTDATA("COLABORADOR",DINAMICS1!$A$3,"MÓDULO2","MOD.02","SITUACAO","Assistente Operador Carregamento Grua") -> 7 | J4: =I4-$I$22 -> 0 | L4: 2 | M4: =IF(N4>=$N$23,"Completo","Incompleto") -> Completo | N4: =SUM(DINAMICS1!B20:C20) -> 3 | O4: =N4-$N$23 -> 0
A5: 6 | B5: Marcos de Oliveira Amorim | C5: Oper Maqs Florestais I Grua | D5: CASSIO THOMAS DA SILVEIRA | E5: Entrando | G5: 3 | H5: =IF(GETPIVOTDATA("COLABORADOR",DINAMICS1!$A$3,"MÓDULO2","MOD.03","SITUACAO","Assistente Operador Carregamento Grua")>='ESCOPO-VAGAS'!$I$22,"Completo","Imcompleto") -> Completo | I5: =GETPIVOTDATA("COLABORADOR",DINAMICS1!$A$3,"MÓDULO2","MOD.03","SITUACAO","Assistente Operador Carregamento Grua") -> 7 | J5: =I5-$I$22 -> 0 | L5: 3 | M5: =IF(N5>=$N$23,"Completo","Incompleto") -> Completo | N5: =SUM(DINAMICS1!B21:C21) -> 3 | O5: =N5-$N$23 -> 0
A6: 6 | B6: Paulo César Bueno | C6: Oper Maqs Florestais I Grua | D6: CASSIO THOMAS DA SILVEIRA | E6: Entrando | G6: 4 | H6: =IF(GETPIVOTDATA("COLABORADOR",DINAMICS1!$A$3,"MÓDULO2","MOD.04","SITUACAO","Assistente Operador Carregamento Grua")>='ESCOPO-VAGAS'!$I$22,"Completo","Imcompleto") -> Imcompleto | I6: =GETPIVOTDATA("COLABORADOR",DINAMICS1!$A$3,"MÓDULO2","MOD.04","SITUACAO","Assistente Operador Carregamento Grua") -> 6 | J6: =I6-$I$22 -> -1 | L6: 4 | M6: =IF(N6>=$N$23,"Completo","Incompleto") -> Completo | N6: =SUM(DINAMICS1!B22:C22) -> 3 | O6: =N6-$N$23 -> 0
A7: 8 | B7: VAGA ABERTA | C7: Motorista II | D7: THIAGO MARIA PROENCA ALMEIDA | E7: VERIFICANDO COM O SUPERVISOR | G7: 5 | H7: =IF(GETPIVOTDATA("COLABORADOR",DINAMICS1!$A$3,"MÓDULO2","MOD.05","SITUACAO","Assistente Operador Carregamento Grua")>='ESCOPO-VAGAS'!$I$22,"Completo","Imcompleto") -> Imcompleto | I7: =GETPIVOTDATA("COLABORADOR",DINAMICS1!$A$3,"MÓDULO2","MOD.05","SITUACAO","Assistente Operador Carregamento Grua") -> 6 | J7: =I7-$I$22 -> -1 | L7: 5 | M7: =IF(N7>=$N$23,"Completo","Incompleto") -> Completo | N7: =SUM(DINAMICS1!B23:C23) -> 3 | O7: =N7-$N$23 -> 0
A8: 8 | B8: VAGA ABERTA | C8: Motorista II | D8: THIAGO MARIA PROENCA ALMEIDA | E8: VERIFICANDO COM O SUPERVISOR | G8: 6 | H8: =IF(GETPIVOTDATA("COLABORADOR",DINAMICS1!$A$3,"MÓDULO2","MOD.06","SITUACAO","Assistente Operador Carregamento Grua")>='ESCOPO-VAGAS'!$I$22,"Completo","Imcompleto") -> Imcompleto | I8: =GETPIVOTDATA("COLABORADOR",DINAMICS1!$A$3,"MÓDULO2","MOD.06","SITUACAO","Assistente Operador Carregamento Grua") -> 6 | J8: =I8-$I$22 -> -1 | L8: 6 | M8: =IF(N8>=$N$23,"Completo","Incompleto") -> Completo | N8: =SUM(DINAMICS1!B24:C24) -> 3 | O8: =N8-$N$23 -> 0
A9: 8 | B9: VAGA ABERTA | C9: Motorista II | D9: THIAGO MARIA PROENCA ALMEIDA | E9: VERIFICANDO COM O SUPERVISOR | G9: 7 | H9: =IF(GETPIVOTDATA("COLABORADOR",DINAMICS1!$A$3,"MÓDULO2","MOD.07","SITUACAO","Assistente Operador Carregamento Grua")>='ESCOPO-VAGAS'!$I$22,"Completo","Imcompleto") -> Imcompleto | I9: =GETPIVOTDATA("COLABORADOR",DINAMICS1!$A$3,"MÓDULO2","MOD.07","SITUACAO","Assistente Operador Carregamento Grua") -> 6 | J9: =I9-$I$22 -> -1 | L9: 7 | M9: =IF(N9>=$N$23,"Completo","Incompleto") -> Completo | N9: =SUM(DINAMICS1!B25:C25) -> 3 | O9: =N9-$N$23 -> 0
A10: 5 | B10: VAGA ABERTA | C10: Oper Maqs Florestais I Grua | D10: THIAGO MARIA PROENCA ALMEIDA | E10: VERIFICANDO COM O SUPERVISOR | G10: 8 | H10: =IF(GETPIVOTDATA("COLABORADOR",DINAMICS1!$A$3,"MÓDULO2","MOD.08","SITUACAO","Assistente Operador Carregamento Grua")>='ESCOPO-VAGAS'!$I$22,"Completo","incompleto") -> Completo | I10: =GETPIVOTDATA("COLABORADOR",DINAMICS1!$A$3,"MÓDULO2","MOD.08","SITUACAO","Assistente Operador Carregamento Grua") -> 7 | J10: =I10-$I$22 -> 0 | L10: 8 | M10: =IF(N10>=$N$23,"Completo","Incompleto") -> Incompleto | N10: =SUM(DINAMICS1!B26:C26) -> 1 | O10: =N10-$N$23 -> -2
A11: 5/8 | B11: VAGA ABERTA | C11: TECN OPERACOES FLORESTAIS II | D11: THIAGO MARIA PROENCA ALMEIDA | E11: Em processo de contratação | G11: Módulo | H11: Oper. Grua | I11: Quantidade | J11: Diferença | L11: Módulo | M11: Oper. Estradas | N11: Quantidade | O11: Diferença
G12: 1 | H12: =IF(GETPIVOTDATA("COLABORADOR",DINAMICS1!$A$3,"MÓDULO2","MOD.01","SITUACAO","Oper Maqs Florestais I Grua")>='ESCOPO-VAGAS'!$I$23,"Completo","Incompleto") -> Completo | I12: =GETPIVOTDATA("COLABORADOR",DINAMICS1!$A$3,"MÓDULO2","MOD.01","SITUACAO","Oper Maqs Florestais I Grua") -> 9 | J12: =I12-$I$23 -> 1 | L12: 1 | M12: =IF(N12>=$N$22,"Completo","Incompleto") -> Completo | N12: =SUM(DINAMICS1!D19:F19) -> 4 | O12: =N12-$N$22 -> 0
G13: 2 | H13: =IF(GETPIVOTDATA("COLABORADOR",DINAMICS1!$A$3,"MÓDULO2","MOD.02","SITUACAO","Oper Maqs Florestais I Grua")>='ESCOPO-VAGAS'!$I$23,"Completo","Incompleto") -> Incompleto | I13: =GETPIVOTDATA("COLABORADOR",DINAMICS1!$A$3,"MÓDULO2","MOD.02","SITUACAO","Oper Maqs Florestais I Grua") -> 7 | J13: =I13-$I$23 -> -1 | L13: 2 | M13: =IF(N13>=$N$22,"Completo","Incompleto") -> Completo | N13: =SUM(DINAMICS1!D20:F20) -> 4 | O13: =N13-$N$22 -> 0
G14: 3 | H14: =IF(GETPIVOTDATA("COLABORADOR",DINAMICS1!$A$3,"MÓDULO2","MOD.03","SITUACAO","Oper Maqs Florestais I Grua")>='ESCOPO-VAGAS'!$I$23,"Completo","Incompleto") -> Completo | I14: =GETPIVOTDATA("COLABORADOR",DINAMICS1!$A$3,"MÓDULO2","MOD.03","SITUACAO","Oper Maqs Florestais I Grua") -> 9 | J14: =I14-$I$23 -> 1 | L14: 3 | M14: =IF(N14>=$N$22,"Completo","Incompleto") -> Completo | N14: =SUM(DINAMICS1!D21:F21) -> 4 | O14: =N14-$N$22 -> 0
G15: 4 | H15: =IF(GETPIVOTDATA("COLABORADOR",DINAMICS1!$A$3,"MÓDULO2","MOD.04","SITUACAO","Oper Maqs Florestais I Grua")>='ESCOPO-VAGAS'!$I$23,"Completo","Incompleto") -> Completo | I15: =GETPIVOTDATA("COLABORADOR",DINAMICS1!$A$3,"MÓDULO2","MOD.04","SITUACAO","Oper Maqs Florestais I Grua") -> 8 | J15: =I15-$I$23 -> 0 | L15: 4 | M15: =IF(N15>=$N$22,"Completo","Incompleto") -> Completo | N15: =SUM(DINAMICS1!D22:F22) -> 4 | O15: =N15-$N$22 -> 0
G16: 5 | H16: =IF(GETPIVOTDATA("COLABORADOR",DINAMICS1!$A$3,"MÓDULO2","MOD.05","SITUACAO","Oper Maqs Florestais I Grua")>='ESCOPO-VAGAS'!$I$23,"Completo","Incompleto") -> Completo | I16: =GETPIVOTDATA("COLABORADOR",DINAMICS1!$A$3,"MÓDULO2","MOD.05","SITUACAO","Oper Maqs Florestais I Grua") -> 9 | J16: =I16-$I$23 -> 1 | L16: 5 | M16: =IF(N16>=$N$22,"Completo","Incompleto") -> Completo | N16: =SUM(DINAMICS1!D23:F23) -> 4 | O16: =N16-$N$22 -> 0
G17: 6 | H17: =IF(GETPIVOTDATA("COLABORADOR",DINAMICS1!$A$3,"MÓDULO2","MOD.06","SITUACAO","Oper Maqs Florestais I Grua")>='ESCOPO-VAGAS'!$I$23,"Completo","Incompleto") -> Completo | I17: =GETPIVOTDATA("COLABORADOR",DINAMICS1!$A$3,"MÓDULO2","MOD.06","SITUACAO","Oper Maqs Florestais I Grua") -> 9 | J17: =I17-$I$23 -> 1 | L17: 6 | M17: =IF(N17>=$N$22,"Completo","Incompleto") -> Completo | N17: =SUM(DINAMICS1!D24:F24) -> 4 | O17: =N17-$N$22 -> 0
G18: 7 | H18: =IF(GETPIVOTDATA("COLABORADOR",DINAMICS1!$A$3,"MÓDULO2","MOD.07","SITUACAO","Oper Maqs Florestais I Grua")>='ESCOPO-VAGAS'!$I$23,"Completo","Incompleto") -> Completo | I18: =GETPIVOTDATA("COLABORADOR",DINAMICS1!$A$3,"MÓDULO2","MOD.07","SITUACAO","Oper Maqs Florestais I Grua") -> 10 | J18: =I18-$I$23 -> 2 | L18: 7 | M18: =IF(N18>=$N$22,"Completo","Incompleto") -> Completo | N18: =SUM(DINAMICS1!D25:F25) -> 4 | O18: =N18-$N$22 -> 0
G19: 8 | H19: =IF(GETPIVOTDATA("COLABORADOR",DINAMICS1!$A$3,"MÓDULO2","MOD.08","SITUACAO","Oper Maqs Florestais I Grua")>='ESCOPO-VAGAS'!$I$23,"Completo","Incompleto") -> Completo | I19: =GETPIVOTDATA("COLABORADOR",DINAMICS1!$A$3,"MÓDULO2","MOD.08","SITUACAO","Oper Maqs Florestais I Grua") -> 8 | J19: =I19-$I$23 -> 0 | L19: 8 | M19: =IF(N19>=$N$22,"Completo","Incompleto") -> Completo | N19: =SUM(DINAMICS1!D26:F26) -> 4 | O19: =N19-$N$22 -> 0
H21: Escopo por módulo | M21: Escopo por módulo
H22: Assistentes | I22: 7 | M22: Oper Estradas | N22: 4
H23: Operadores | I23: 8 | M23: Motorista | N23: 3
H24: Total | I24: 15 | M24: Total | N24: 7

Sheet MAPEAMENTO
A1: Unidade | B1: Tipo | C1: Módulo | D1: Coord | E1: Supervisor | F1: Região | G1: Qtde aprox.
A2: Florestal | B2: Carregamento | C2: MOD.01 | D2: Mario Fraiz Coelho Maia de Andrade | E2: Márcio Aparecido Cavalheiro | F2: LENÇÓIS PAULISTA | G2: 24
A3: Florestal | B3: Carregamento | C3: MOD.02 | D3: Mario Fraiz Coelho Maia de Andrade | E3: Jhon Felipe Senoski | F3: ITAPEVA | G3: 24
A4: Florestal | B4: Carregamento | C4: MOD.03 | D4: Mario Fraiz Coelho Maia de Andrade | E4: Jhon Felipe Senoski | F4: ITATINGA | G4: 23
A5: Florestal | B5: Carregamento | C5: MOD.04 | D5: Mario Fraiz Coelho Maia de Andrade | E5: Márcio Aparecido Cavalheiro | F5: AGUDOS | G5: 22
A6: Florestal | B6: Carregamento | C6: MOD.05 | D6: Mario Fraiz Coelho Maia de Andrade | E6: Thiago Maria Proenca Almeida | F6: BAURU | G6: 21
A7: Florestal | B7: Carregamento | C7: MOD.06 | D7: Mario Fraiz Coelho Maia de Andrade | E7: Cássio Thomas da Silveira | F7: LINS | G7: 20
A8: Florestal | B8: Carregamento | C8: MOD.07 | D8: Mario Fraiz Coelho Maia de Andrade | E8: Cássio Thomas da Silveira | F8: MARÍLIA | G8: 23
A9: Florestal | B9: Carregamento | C9: MOD.08 | D9: Mario Fraiz Coelho Maia de Andrade | E9: Thiago Maria Proenca Almeida | F9: BAURU | G9: 22
A10: Florestal | B10: Carregamento | C10: MOD.09(Módulo terceiro) | D10: Angelo Antonio Martins Taparo | E10: Adriano Sanabia Flores Monte Serrat | F10: MATO GROSSO DO SUL | G10: N/A
A11: Florestal | B11: Carregamento | C11: MOD.10 (Módulo terceiro) | D11: Mario Fraiz Coelho Maia de Andrade | E11: Márcio Aparecido Cavalheiro | F11: TERCEIRO (SP) | G11: N/A
A12: Florestal | B12: Carregamento | C12: MOD.11(Módulo terceiro) | D12: Angelo Antonio Martins Taparo | E12: Gilliard Lepinsck | F12: MINAS GERAIS | G12: N/A

Sheet Planilha2
A1: 37017525 | B1: SANTOS GLAUCIO DA SILVA | C1: Op Maquinas Equipamentos III | D1: BRC-01 | E1: EMPRESTADO
A2: 37018016 | B2: JOSE ADALBERTO BISPO | C2: Motorista II | D2: BRC-01 | E2: EMPRESTADO
A3: 37018148 | B3: Alex de Godoi Paino | C3: Motorista II | D3: BRC03 | E3: EMPRESTADO CARREGAMENTO (a partir de 08/08)
A4: 37018408 | B4: Cristiano Silva | C4: Motorista II | D4: BRC03 | E4: EMPRESTADO CARREGAMENTO (a partir de 08/08)
A5: 37017084 | B5: Edson Edvaldo Camilo | C5: Op Maquinas Equipamentos II | D5: BRC-03 | E5: EMPRESTADO CARREGAMENTO (mês fechado)
A6: 37017957 | B6: Cleberson Roberto Perez Lopes | C6: Op Maquinas Equipamentos II | D6: BRC-05 | E6: EMPRESTADO CARREGAMENTO
A7: 37018146 | B7: Fabio Dias Carlos | C7: Motorista II | D7: BRC-05 | E7: EMPRESTADO CARREGAMENTO
A8: 37018150 | B8: Paulo Henrique de Lima Vieira | C8: Op Maquinas Equipamentos III | D8: BRC-05 | E8: EMPRESTADO CARREGAMENTO
A9: 37018142 | B9: José Mariano | C9: Motorista II | D9: BRC-05 | E9: EMPRESTADO CARREGAMENTO
A10: 37017990 | B10: MARCIO VICENTE MENDES | C10: Op Maquinas Equipamentos III
